section	key	ru	uk	de	es	fr	pl	it	tr	pt	ro	bg	cs	sk	hu	el	sl	et	lt
Nav	training	Тренировка	"=GOOGLETRANSLATE(C2; ""ru""; ""uk"")"	"=GOOGLETRANSLATE(C2; ""ru""; ""de"")"	"=GOOGLETRANSLATE(C2; ""ru""; ""es"")"	"=GOOGLETRANSLATE(C2; ""ru""; ""fr"")"	"=GOOGLETRANSLATE(C2; ""ru""; ""pl"")"	"=GOOGLETRANSLATE(C2; ""ru""; ""it"")"	"=GOOGLETRANSLATE(C2; ""ru""; ""tr"")"	"=GOOGLETRANSLATE(C2; ""ru""; ""pt"")"	"=GOOGLETRANSLATE(C2; ""ru""; ""ro"")"	"=GOOGLETRANSLATE(C2; ""ru""; ""bg"")"	"=GOOGLETRANSLATE(C2; ""ru""; ""cs"")"	"=GOOGLETRANSLATE(C2; ""ru""; ""sk"")"	"=GOOGLETRANSLATE(C2; ""ru""; ""hu"")"	"=GOOGLETRANSLATE(C2; ""ru""; ""el"")"	"=GOOGLETRANSLATE(C2; ""ru""; ""sl"")"	"=GOOGLETRANSLATE(C2; ""ru""; ""et"")"	"=GOOGLETRANSLATE(C2; ""ru""; ""lt"")"
Nav	leaderboard	Рейтинг	"=GOOGLETRANSLATE(C3; ""ru""; ""uk"")"	"=GOOGLETRANSLATE(C3; ""ru""; ""de"")"	"=GOOGLETRANSLATE(C3; ""ru""; ""es"")"	"=GOOGLETRANSLATE(C3; ""ru""; ""fr"")"	"=GOOGLETRANSLATE(C3; ""ru""; ""pl"")"	"=GOOGLETRANSLATE(C3; ""ru""; ""it"")"	"=GOOGLETRANSLATE(C3; ""ru""; ""tr"")"	"=GOOGLETRANSLATE(C3; ""ru""; ""pt"")"	"=GOOGLETRANSLATE(C3; ""ru""; ""ro"")"	"=GOOGLETRANSLATE(C3; ""ru""; ""bg"")"	"=GOOGLETRANSLATE(C3; ""ru""; ""cs"")"	"=GOOGLETRANSLATE(C3; ""ru""; ""sk"")"	"=GOOGLETRANSLATE(C3; ""ru""; ""hu"")"	"=GOOGLETRANSLATE(C3; ""ru""; ""el"")"	"=GOOGLETRANSLATE(C3; ""ru""; ""sl"")"	"=GOOGLETRANSLATE(C3; ""ru""; ""et"")"	"=GOOGLETRANSLATE(C3; ""ru""; ""lt"")"
Nav	dictionary	Словарь	"=GOOGLETRANSLATE(C4; ""ru""; ""uk"")"	"=GOOGLETRANSLATE(C4; ""ru""; ""de"")"	"=GOOGLETRANSLATE(C4; ""ru""; ""es"")"	"=GOOGLETRANSLATE(C4; ""ru""; ""fr"")"	"=GOOGLETRANSLATE(C4; ""ru""; ""pl"")"	"=GOOGLETRANSLATE(C4; ""ru""; ""it"")"	"=GOOGLETRANSLATE(C4; ""ru""; ""tr"")"	"=GOOGLETRANSLATE(C4; ""ru""; ""pt"")"	"=GOOGLETRANSLATE(C4; ""ru""; ""ro"")"	"=GOOGLETRANSLATE(C4; ""ru""; ""bg"")"	"=GOOGLETRANSLATE(C4; ""ru""; ""cs"")"	"=GOOGLETRANSLATE(C4; ""ru""; ""sk"")"	"=GOOGLETRANSLATE(C4; ""ru""; ""hu"")"	"=GOOGLETRANSLATE(C4; ""ru""; ""el"")"	"=GOOGLETRANSLATE(C4; ""ru""; ""sl"")"	"=GOOGLETRANSLATE(C4; ""ru""; ""et"")"	"=GOOGLETRANSLATE(C4; ""ru""; ""lt"")"
Nav	favorites	Избранное	"=GOOGLETRANSLATE(C5; ""ru""; ""uk"")"	"=GOOGLETRANSLATE(C5; ""ru""; ""de"")"	"=GOOGLETRANSLATE(C5; ""ru""; ""es"")"	"=GOOGLETRANSLATE(C5; ""ru""; ""fr"")"	"=GOOGLETRANSLATE(C5; ""ru""; ""pl"")"	"=GOOGLETRANSLATE(C5; ""ru""; ""it"")"	"=GOOGLETRANSLATE(C5; ""ru""; ""tr"")"	"=GOOGLETRANSLATE(C5; ""ru""; ""pt"")"	"=GOOGLETRANSLATE(C5; ""ru""; ""ro"")"	"=GOOGLETRANSLATE(C5; ""ru""; ""bg"")"	"=GOOGLETRANSLATE(C5; ""ru""; ""cs"")"	"=GOOGLETRANSLATE(C5; ""ru""; ""sk"")"	"=GOOGLETRANSLATE(C5; ""ru""; ""hu"")"	"=GOOGLETRANSLATE(C5; ""ru""; ""el"")"	"=GOOGLETRANSLATE(C5; ""ru""; ""sl"")"	"=GOOGLETRANSLATE(C5; ""ru""; ""et"")"	"=GOOGLETRANSLATE(C5; ""ru""; ""lt"")"
Nav	stats	Статистика	"=GOOGLETRANSLATE(C6; ""ru""; ""uk"")"	"=GOOGLETRANSLATE(C6; ""ru""; ""de"")"	"=GOOGLETRANSLATE(C6; ""ru""; ""es"")"	"=GOOGLETRANSLATE(C6; ""ru""; ""fr"")"	"=GOOGLETRANSLATE(C6; ""ru""; ""pl"")"	"=GOOGLETRANSLATE(C6; ""ru""; ""it"")"	"=GOOGLETRANSLATE(C6; ""ru""; ""tr"")"	"=GOOGLETRANSLATE(C6; ""ru""; ""pt"")"	"=GOOGLETRANSLATE(C6; ""ru""; ""ro"")"	"=GOOGLETRANSLATE(C6; ""ru""; ""bg"")"	"=GOOGLETRANSLATE(C6; ""ru""; ""cs"")"	"=GOOGLETRANSLATE(C6; ""ru""; ""sk"")"	"=GOOGLETRANSLATE(C6; ""ru""; ""hu"")"	"=GOOGLETRANSLATE(C6; ""ru""; ""el"")"	"=GOOGLETRANSLATE(C6; ""ru""; ""sl"")"	"=GOOGLETRANSLATE(C6; ""ru""; ""et"")"	"=GOOGLETRANSLATE(C6; ""ru""; ""lt"")"
Nav	settings	Настройки	"=GOOGLETRANSLATE(C7; ""ru""; ""uk"")"	"=GOOGLETRANSLATE(C7; ""ru""; ""de"")"	"=GOOGLETRANSLATE(C7; ""ru""; ""es"")"	"=GOOGLETRANSLATE(C7; ""ru""; ""fr"")"	"=GOOGLETRANSLATE(C7; ""ru""; ""pl"")"	"=GOOGLETRANSLATE(C7; ""ru""; ""it"")"	"=GOOGLETRANSLATE(C7; ""ru""; ""tr"")"	"=GOOGLETRANSLATE(C7; ""ru""; ""pt"")"	"=GOOGLETRANSLATE(C7; ""ru""; ""ro"")"	"=GOOGLETRANSLATE(C7; ""ru""; ""bg"")"	"=GOOGLETRANSLATE(C7; ""ru""; ""cs"")"	"=GOOGLETRANSLATE(C7; ""ru""; ""sk"")"	"=GOOGLETRANSLATE(C7; ""ru""; ""hu"")"	"=GOOGLETRANSLATE(C7; ""ru""; ""el"")"	"=GOOGLETRANSLATE(C7; ""ru""; ""sl"")"	"=GOOGLETRANSLATE(C7; ""ru""; ""et"")"	"=GOOGLETRANSLATE(C7; ""ru""; ""lt"")"
Nav	demo	Гостевой режим	"=GOOGLETRANSLATE(C8; ""ru""; ""uk"")"	"=GOOGLETRANSLATE(C8; ""ru""; ""de"")"	"=GOOGLETRANSLATE(C8; ""ru""; ""es"")"	"=GOOGLETRANSLATE(C8; ""ru""; ""fr"")"	"=GOOGLETRANSLATE(C8; ""ru""; ""pl"")"	"=GOOGLETRANSLATE(C8; ""ru""; ""it"")"	"=GOOGLETRANSLATE(C8; ""ru""; ""tr"")"	"=GOOGLETRANSLATE(C8; ""ru""; ""pt"")"	"=GOOGLETRANSLATE(C8; ""ru""; ""ro"")"	"=GOOGLETRANSLATE(C8; ""ru""; ""bg"")"	"=GOOGLETRANSLATE(C8; ""ru""; ""cs"")"	"=GOOGLETRANSLATE(C8; ""ru""; ""sk"")"	"=GOOGLETRANSLATE(C8; ""ru""; ""hu"")"	"=GOOGLETRANSLATE(C8; ""ru""; ""el"")"	"=GOOGLETRANSLATE(C8; ""ru""; ""sl"")"	"=GOOGLETRANSLATE(C8; ""ru""; ""et"")"	"=GOOGLETRANSLATE(C8; ""ru""; ""lt"")"
Common	words	слов	"=GOOGLETRANSLATE(C9; ""ru""; ""uk"")"	"=GOOGLETRANSLATE(C9; ""ru""; ""de"")"	"=GOOGLETRANSLATE(C9; ""ru""; ""es"")"	"=GOOGLETRANSLATE(C9; ""ru""; ""fr"")"	"=GOOGLETRANSLATE(C9; ""ru""; ""pl"")"	"=GOOGLETRANSLATE(C9; ""ru""; ""it"")"	"=GOOGLETRANSLATE(C9; ""ru""; ""tr"")"	"=GOOGLETRANSLATE(C9; ""ru""; ""pt"")"	"=GOOGLETRANSLATE(C9; ""ru""; ""ro"")"	"=GOOGLETRANSLATE(C9; ""ru""; ""bg"")"	"=GOOGLETRANSLATE(C9; ""ru""; ""cs"")"	"=GOOGLETRANSLATE(C9; ""ru""; ""sk"")"	"=GOOGLETRANSLATE(C9; ""ru""; ""hu"")"	"=GOOGLETRANSLATE(C9; ""ru""; ""el"")"	"=GOOGLETRANSLATE(C9; ""ru""; ""sl"")"	"=GOOGLETRANSLATE(C9; ""ru""; ""et"")"	"=GOOGLETRANSLATE(C9; ""ru""; ""lt"")"
Common	word_1	слово	"=GOOGLETRANSLATE(C10; ""ru""; ""uk"")"	"=GOOGLETRANSLATE(C10; ""ru""; ""de"")"	"=GOOGLETRANSLATE(C10; ""ru""; ""es"")"	"=GOOGLETRANSLATE(C10; ""ru""; ""fr"")"	"=GOOGLETRANSLATE(C10; ""ru""; ""pl"")"	"=GOOGLETRANSLATE(C10; ""ru""; ""it"")"	"=GOOGLETRANSLATE(C10; ""ru""; ""tr"")"	"=GOOGLETRANSLATE(C10; ""ru""; ""pt"")"	"=GOOGLETRANSLATE(C10; ""ru""; ""ro"")"	"=GOOGLETRANSLATE(C10; ""ru""; ""bg"")"	"=GOOGLETRANSLATE(C10; ""ru""; ""cs"")"	"=GOOGLETRANSLATE(C10; ""ru""; ""sk"")"	"=GOOGLETRANSLATE(C10; ""ru""; ""hu"")"	"=GOOGLETRANSLATE(C10; ""ru""; ""el"")"	"=GOOGLETRANSLATE(C10; ""ru""; ""sl"")"	"=GOOGLETRANSLATE(C10; ""ru""; ""et"")"	"=GOOGLETRANSLATE(C10; ""ru""; ""lt"")"
Common	word_2	слова	"=GOOGLETRANSLATE(C11; ""ru""; ""uk"")"	"=GOOGLETRANSLATE(C11; ""ru""; ""de"")"	"=GOOGLETRANSLATE(C11; ""ru""; ""es"")"	"=GOOGLETRANSLATE(C11; ""ru""; ""fr"")"	"=GOOGLETRANSLATE(C11; ""ru""; ""pl"")"	"=GOOGLETRANSLATE(C11; ""ru""; ""it"")"	"=GOOGLETRANSLATE(C11; ""ru""; ""tr"")"	"=GOOGLETRANSLATE(C11; ""ru""; ""pt"")"	"=GOOGLETRANSLATE(C11; ""ru""; ""ro"")"	"=GOOGLETRANSLATE(C11; ""ru""; ""bg"")"	"=GOOGLETRANSLATE(C11; ""ru""; ""cs"")"	"=GOOGLETRANSLATE(C11; ""ru""; ""sk"")"	"=GOOGLETRANSLATE(C11; ""ru""; ""hu"")"	"=GOOGLETRANSLATE(C11; ""ru""; ""el"")"	"=GOOGLETRANSLATE(C11; ""ru""; ""sl"")"	"=GOOGLETRANSLATE(C11; ""ru""; ""et"")"	"=GOOGLETRANSLATE(C11; ""ru""; ""lt"")"
Common	btn_cancel	Отмена	"=GOOGLETRANSLATE(C12; ""ru""; ""uk"")"	"=GOOGLETRANSLATE(C12; ""ru""; ""de"")"	"=GOOGLETRANSLATE(C12; ""ru""; ""es"")"	"=GOOGLETRANSLATE(C12; ""ru""; ""fr"")"	"=GOOGLETRANSLATE(C12; ""ru""; ""pl"")"	"=GOOGLETRANSLATE(C12; ""ru""; ""it"")"	"=GOOGLETRANSLATE(C12; ""ru""; ""tr"")"	"=GOOGLETRANSLATE(C12; ""ru""; ""pt"")"	"=GOOGLETRANSLATE(C12; ""ru""; ""ro"")"	"=GOOGLETRANSLATE(C12; ""ru""; ""bg"")"	"=GOOGLETRANSLATE(C12; ""ru""; ""cs"")"	"=GOOGLETRANSLATE(C12; ""ru""; ""sk"")"	"=GOOGLETRANSLATE(C12; ""ru""; ""hu"")"	"=GOOGLETRANSLATE(C12; ""ru""; ""el"")"	"=GOOGLETRANSLATE(C12; ""ru""; ""sl"")"	"=GOOGLETRANSLATE(C12; ""ru""; ""et"")"	"=GOOGLETRANSLATE(C12; ""ru""; ""lt"")"
Common	btn_save	Сохранить	"=GOOGLETRANSLATE(C13; ""ru""; ""uk"")"	"=GOOGLETRANSLATE(C13; ""ru""; ""de"")"	"=GOOGLETRANSLATE(C13; ""ru""; ""es"")"	"=GOOGLETRANSLATE(C13; ""ru""; ""fr"")"	"=GOOGLETRANSLATE(C13; ""ru""; ""pl"")"	"=GOOGLETRANSLATE(C13; ""ru""; ""it"")"	"=GOOGLETRANSLATE(C13; ""ru""; ""tr"")"	"=GOOGLETRANSLATE(C13; ""ru""; ""pt"")"	"=GOOGLETRANSLATE(C13; ""ru""; ""ro"")"	"=GOOGLETRANSLATE(C13; ""ru""; ""bg"")"	"=GOOGLETRANSLATE(C13; ""ru""; ""cs"")"	"=GOOGLETRANSLATE(C13; ""ru""; ""sk"")"	"=GOOGLETRANSLATE(C13; ""ru""; ""hu"")"	"=GOOGLETRANSLATE(C13; ""ru""; ""el"")"	"=GOOGLETRANSLATE(C13; ""ru""; ""sl"")"	"=GOOGLETRANSLATE(C13; ""ru""; ""et"")"	"=GOOGLETRANSLATE(C13; ""ru""; ""lt"")"
Common	btn_close	Закрыть	"=GOOGLETRANSLATE(C14; ""ru""; ""uk"")"	"=GOOGLETRANSLATE(C14; ""ru""; ""de"")"	"=GOOGLETRANSLATE(C14; ""ru""; ""es"")"	"=GOOGLETRANSLATE(C14; ""ru""; ""fr"")"	"=GOOGLETRANSLATE(C14; ""ru""; ""pl"")"	"=GOOGLETRANSLATE(C14; ""ru""; ""it"")"	"=GOOGLETRANSLATE(C14; ""ru""; ""tr"")"	"=GOOGLETRANSLATE(C14; ""ru""; ""pt"")"	"=GOOGLETRANSLATE(C14; ""ru""; ""ro"")"	"=GOOGLETRANSLATE(C14; ""ru""; ""bg"")"	"=GOOGLETRANSLATE(C14; ""ru""; ""cs"")"	"=GOOGLETRANSLATE(C14; ""ru""; ""sk"")"	"=GOOGLETRANSLATE(C14; ""ru""; ""hu"")"	"=GOOGLETRANSLATE(C14; ""ru""; ""el"")"	"=GOOGLETRANSLATE(C14; ""ru""; ""sl"")"	"=GOOGLETRANSLATE(C14; ""ru""; ""et"")"	"=GOOGLETRANSLATE(C14; ""ru""; ""lt"")"
Common	btn_delete	Удалить	"=GOOGLETRANSLATE(C15; ""ru""; ""uk"")"	"=GOOGLETRANSLATE(C15; ""ru""; ""de"")"	"=GOOGLETRANSLATE(C15; ""ru""; ""es"")"	"=GOOGLETRANSLATE(C15; ""ru""; ""fr"")"	"=GOOGLETRANSLATE(C15; ""ru""; ""pl"")"	"=GOOGLETRANSLATE(C15; ""ru""; ""it"")"	"=GOOGLETRANSLATE(C15; ""ru""; ""tr"")"	"=GOOGLETRANSLATE(C15; ""ru""; ""pt"")"	"=GOOGLETRANSLATE(C15; ""ru""; ""ro"")"	"=GOOGLETRANSLATE(C15; ""ru""; ""bg"")"	"=GOOGLETRANSLATE(C15; ""ru""; ""cs"")"	"=GOOGLETRANSLATE(C15; ""ru""; ""sk"")"	"=GOOGLETRANSLATE(C15; ""ru""; ""hu"")"	"=GOOGLETRANSLATE(C15; ""ru""; ""el"")"	"=GOOGLETRANSLATE(C15; ""ru""; ""sl"")"	"=GOOGLETRANSLATE(C15; ""ru""; ""et"")"	"=GOOGLETRANSLATE(C15; ""ru""; ""lt"")"
Common	btn_back	Назад	"=GOOGLETRANSLATE(C16; ""ru""; ""uk"")"	"=GOOGLETRANSLATE(C16; ""ru""; ""de"")"	"=GOOGLETRANSLATE(C16; ""ru""; ""es"")"	"=GOOGLETRANSLATE(C16; ""ru""; ""fr"")"	"=GOOGLETRANSLATE(C16; ""ru""; ""pl"")"	"=GOOGLETRANSLATE(C16; ""ru""; ""it"")"	"=GOOGLETRANSLATE(C16; ""ru""; ""tr"")"	"=GOOGLETRANSLATE(C16; ""ru""; ""pt"")"	"=GOOGLETRANSLATE(C16; ""ru""; ""ro"")"	"=GOOGLETRANSLATE(C16; ""ru""; ""bg"")"	"=GOOGLETRANSLATE(C16; ""ru""; ""cs"")"	"=GOOGLETRANSLATE(C16; ""ru""; ""sk"")"	"=GOOGLETRANSLATE(C16; ""ru""; ""hu"")"	"=GOOGLETRANSLATE(C16; ""ru""; ""el"")"	"=GOOGLETRANSLATE(C16; ""ru""; ""sl"")"	"=GOOGLETRANSLATE(C16; ""ru""; ""et"")"	"=GOOGLETRANSLATE(C16; ""ru""; ""lt"")"
Common	loading	Загрузка...	"=GOOGLETRANSLATE(C17; ""ru""; ""uk"")"	"=GOOGLETRANSLATE(C17; ""ru""; ""de"")"	"=GOOGLETRANSLATE(C17; ""ru""; ""es"")"	"=GOOGLETRANSLATE(C17; ""ru""; ""fr"")"	"=GOOGLETRANSLATE(C17; ""ru""; ""pl"")"	"=GOOGLETRANSLATE(C17; ""ru""; ""it"")"	"=GOOGLETRANSLATE(C17; ""ru""; ""tr"")"	"=GOOGLETRANSLATE(C17; ""ru""; ""pt"")"	"=GOOGLETRANSLATE(C17; ""ru""; ""ro"")"	"=GOOGLETRANSLATE(C17; ""ru""; ""bg"")"	"=GOOGLETRANSLATE(C17; ""ru""; ""cs"")"	"=GOOGLETRANSLATE(C17; ""ru""; ""sk"")"	"=GOOGLETRANSLATE(C17; ""ru""; ""hu"")"	"=GOOGLETRANSLATE(C17; ""ru""; ""el"")"	"=GOOGLETRANSLATE(C17; ""ru""; ""sl"")"	"=GOOGLETRANSLATE(C17; ""ru""; ""et"")"	"=GOOGLETRANSLATE(C17; ""ru""; ""lt"")"
Common	error_occurred	Произошла ошибка	"=GOOGLETRANSLATE(C18; ""ru""; ""uk"")"	"=GOOGLETRANSLATE(C18; ""ru""; ""de"")"	"=GOOGLETRANSLATE(C18; ""ru""; ""es"")"	"=GOOGLETRANSLATE(C18; ""ru""; ""fr"")"	"=GOOGLETRANSLATE(C18; ""ru""; ""pl"")"	"=GOOGLETRANSLATE(C18; ""ru""; ""it"")"	"=GOOGLETRANSLATE(C18; ""ru""; ""tr"")"	"=GOOGLETRANSLATE(C18; ""ru""; ""pt"")"	"=GOOGLETRANSLATE(C18; ""ru""; ""ro"")"	"=GOOGLETRANSLATE(C18; ""ru""; ""bg"")"	"=GOOGLETRANSLATE(C18; ""ru""; ""cs"")"	"=GOOGLETRANSLATE(C18; ""ru""; ""sk"")"	"=GOOGLETRANSLATE(C18; ""ru""; ""hu"")"	"=GOOGLETRANSLATE(C18; ""ru""; ""el"")"	"=GOOGLETRANSLATE(C18; ""ru""; ""sl"")"	"=GOOGLETRANSLATE(C18; ""ru""; ""et"")"	"=GOOGLETRANSLATE(C18; ""ru""; ""lt"")"
Stats	achievements	📊 Мои достижения	"=GOOGLETRANSLATE(C19; ""ru""; ""uk"")"	"=GOOGLETRANSLATE(C19; ""ru""; ""de"")"	"=GOOGLETRANSLATE(C19; ""ru""; ""es"")"	"=GOOGLETRANSLATE(C19; ""ru""; ""fr"")"	"=GOOGLETRANSLATE(C19; ""ru""; ""pl"")"	"=GOOGLETRANSLATE(C19; ""ru""; ""it"")"	"=GOOGLETRANSLATE(C19; ""ru""; ""tr"")"	"=GOOGLETRANSLATE(C19; ""ru""; ""pt"")"	"=GOOGLETRANSLATE(C19; ""ru""; ""ro"")"	"=GOOGLETRANSLATE(C19; ""ru""; ""bg"")"	"=GOOGLETRANSLATE(C19; ""ru""; ""cs"")"	"=GOOGLETRANSLATE(C19; ""ru""; ""sk"")"	"=GOOGLETRANSLATE(C19; ""ru""; ""hu"")"	"=GOOGLETRANSLATE(C19; ""ru""; ""el"")"	"=GOOGLETRANSLATE(C19; ""ru""; ""sl"")"	"=GOOGLETRANSLATE(C19; ""ru""; ""et"")"	"=GOOGLETRANSLATE(C19; ""ru""; ""lt"")"
Stats	word_of_day	Слово дня	"=GOOGLETRANSLATE(C20; ""ru""; ""uk"")"	"=GOOGLETRANSLATE(C20; ""ru""; ""de"")"	"=GOOGLETRANSLATE(C20; ""ru""; ""es"")"	"=GOOGLETRANSLATE(C20; ""ru""; ""fr"")"	"=GOOGLETRANSLATE(C20; ""ru""; ""pl"")"	"=GOOGLETRANSLATE(C20; ""ru""; ""it"")"	"=GOOGLETRANSLATE(C20; ""ru""; ""tr"")"	"=GOOGLETRANSLATE(C20; ""ru""; ""pt"")"	"=GOOGLETRANSLATE(C20; ""ru""; ""ro"")"	"=GOOGLETRANSLATE(C20; ""ru""; ""bg"")"	"=GOOGLETRANSLATE(C20; ""ru""; ""cs"")"	"=GOOGLETRANSLATE(C20; ""ru""; ""sk"")"	"=GOOGLETRANSLATE(C20; ""ru""; ""hu"")"	"=GOOGLETRANSLATE(C20; ""ru""; ""el"")"	"=GOOGLETRANSLATE(C20; ""ru""; ""sl"")"	"=GOOGLETRANSLATE(C20; ""ru""; ""et"")"	"=GOOGLETRANSLATE(C20; ""ru""; ""lt"")"
Stats	flip_for_translation	Нажми, чтобы увидеть перевод	"=GOOGLETRANSLATE(C21; ""ru""; ""uk"")"	"=GOOGLETRANSLATE(C21; ""ru""; ""de"")"	"=GOOGLETRANSLATE(C21; ""ru""; ""es"")"	"=GOOGLETRANSLATE(C21; ""ru""; ""fr"")"	"=GOOGLETRANSLATE(C21; ""ru""; ""pl"")"	"=GOOGLETRANSLATE(C21; ""ru""; ""it"")"	"=GOOGLETRANSLATE(C21; ""ru""; ""tr"")"	"=GOOGLETRANSLATE(C21; ""ru""; ""pt"")"	"=GOOGLETRANSLATE(C21; ""ru""; ""ro"")"	"=GOOGLETRANSLATE(C21; ""ru""; ""bg"")"	"=GOOGLETRANSLATE(C21; ""ru""; ""cs"")"	"=GOOGLETRANSLATE(C21; ""ru""; ""sk"")"	"=GOOGLETRANSLATE(C21; ""ru""; ""hu"")"	"=GOOGLETRANSLATE(C21; ""ru""; ""el"")"	"=GOOGLETRANSLATE(C21; ""ru""; ""sl"")"	"=GOOGLETRANSLATE(C21; ""ru""; ""et"")"	"=GOOGLETRANSLATE(C21; ""ru""; ""lt"")"
Stats	stats_mastered	Выучено слов	"=GOOGLETRANSLATE(C22; ""ru""; ""uk"")"	"=GOOGLETRANSLATE(C22; ""ru""; ""de"")"	"=GOOGLETRANSLATE(C22; ""ru""; ""es"")"	"=GOOGLETRANSLATE(C22; ""ru""; ""fr"")"	"=GOOGLETRANSLATE(C22; ""ru""; ""pl"")"	"=GOOGLETRANSLATE(C22; ""ru""; ""it"")"	"=GOOGLETRANSLATE(C22; ""ru""; ""tr"")"	"=GOOGLETRANSLATE(C22; ""ru""; ""pt"")"	"=GOOGLETRANSLATE(C22; ""ru""; ""ro"")"	"=GOOGLETRANSLATE(C22; ""ru""; ""bg"")"	"=GOOGLETRANSLATE(C22; ""ru""; ""cs"")"	"=GOOGLETRANSLATE(C22; ""ru""; ""sk"")"	"=GOOGLETRANSLATE(C22; ""ru""; ""hu"")"	"=GOOGLETRANSLATE(C22; ""ru""; ""el"")"	"=GOOGLETRANSLATE(C22; ""ru""; ""sl"")"	"=GOOGLETRANSLATE(C22; ""ru""; ""et"")"	"=GOOGLETRANSLATE(C22; ""ru""; ""lt"")"
Stats	stats_in_progress	Всего в процессе	"=GOOGLETRANSLATE(C23; ""ru""; ""uk"")"	"=GOOGLETRANSLATE(C23; ""ru""; ""de"")"	"=GOOGLETRANSLATE(C23; ""ru""; ""es"")"	"=GOOGLETRANSLATE(C23; ""ru""; ""fr"")"	"=GOOGLETRANSLATE(C23; ""ru""; ""pl"")"	"=GOOGLETRANSLATE(C23; ""ru""; ""it"")"	"=GOOGLETRANSLATE(C23; ""ru""; ""tr"")"	"=GOOGLETRANSLATE(C23; ""ru""; ""pt"")"	"=GOOGLETRANSLATE(C23; ""ru""; ""ro"")"	"=GOOGLETRANSLATE(C23; ""ru""; ""bg"")"	"=GOOGLETRANSLATE(C23; ""ru""; ""cs"")"	"=GOOGLETRANSLATE(C23; ""ru""; ""sk"")"	"=GOOGLETRANSLATE(C23; ""ru""; ""hu"")"	"=GOOGLETRANSLATE(C23; ""ru""; ""el"")"	"=GOOGLETRANSLATE(C23; ""ru""; ""sl"")"	"=GOOGLETRANSLATE(C23; ""ru""; ""et"")"	"=GOOGLETRANSLATE(C23; ""ru""; ""lt"")"
Stats	stats_total_xp	Общий счёт XP	"=GOOGLETRANSLATE(C24; ""ru""; ""uk"")"	"=GOOGLETRANSLATE(C24; ""ru""; ""de"")"	"=GOOGLETRANSLATE(C24; ""ru""; ""es"")"	"=GOOGLETRANSLATE(C24; ""ru""; ""fr"")"	"=GOOGLETRANSLATE(C24; ""ru""; ""pl"")"	"=GOOGLETRANSLATE(C24; ""ru""; ""it"")"	"=GOOGLETRANSLATE(C24; ""ru""; ""tr"")"	"=GOOGLETRANSLATE(C24; ""ru""; ""pt"")"	"=GOOGLETRANSLATE(C24; ""ru""; ""ro"")"	"=GOOGLETRANSLATE(C24; ""ru""; ""bg"")"	"=GOOGLETRANSLATE(C24; ""ru""; ""cs"")"	"=GOOGLETRANSLATE(C24; ""ru""; ""sk"")"	"=GOOGLETRANSLATE(C24; ""ru""; ""hu"")"	"=GOOGLETRANSLATE(C24; ""ru""; ""el"")"	"=GOOGLETRANSLATE(C24; ""ru""; ""sl"")"	"=GOOGLETRANSLATE(C24; ""ru""; ""et"")"	"=GOOGLETRANSLATE(C24; ""ru""; ""lt"")"
Stats	stats_weekly_xp	Набрано за неделю	"=GOOGLETRANSLATE(C25; ""ru""; ""uk"")"	"=GOOGLETRANSLATE(C25; ""ru""; ""de"")"	"=GOOGLETRANSLATE(C25; ""ru""; ""es"")"	"=GOOGLETRANSLATE(C25; ""ru""; ""fr"")"	"=GOOGLETRANSLATE(C25; ""ru""; ""pl"")"	"=GOOGLETRANSLATE(C25; ""ru""; ""it"")"	"=GOOGLETRANSLATE(C25; ""ru""; ""tr"")"	"=GOOGLETRANSLATE(C25; ""ru""; ""pt"")"	"=GOOGLETRANSLATE(C25; ""ru""; ""ro"")"	"=GOOGLETRANSLATE(C25; ""ru""; ""bg"")"	"=GOOGLETRANSLATE(C25; ""ru""; ""cs"")"	"=GOOGLETRANSLATE(C25; ""ru""; ""sk"")"	"=GOOGLETRANSLATE(C25; ""ru""; ""hu"")"	"=GOOGLETRANSLATE(C25; ""ru""; ""el"")"	"=GOOGLETRANSLATE(C25; ""ru""; ""sl"")"	"=GOOGLETRANSLATE(C25; ""ru""; ""et"")"	"=GOOGLETRANSLATE(C25; ""ru""; ""lt"")"
Stats	stats_categories	📁 Прогресс по категориям	"=GOOGLETRANSLATE(C26; ""ru""; ""uk"")"	"=GOOGLETRANSLATE(C26; ""ru""; ""de"")"	"=GOOGLETRANSLATE(C26; ""ru""; ""es"")"	"=GOOGLETRANSLATE(C26; ""ru""; ""fr"")"	"=GOOGLETRANSLATE(C26; ""ru""; ""pl"")"	"=GOOGLETRANSLATE(C26; ""ru""; ""it"")"	"=GOOGLETRANSLATE(C26; ""ru""; ""tr"")"	"=GOOGLETRANSLATE(C26; ""ru""; ""pt"")"	"=GOOGLETRANSLATE(C26; ""ru""; ""ro"")"	"=GOOGLETRANSLATE(C26; ""ru""; ""bg"")"	"=GOOGLETRANSLATE(C26; ""ru""; ""cs"")"	"=GOOGLETRANSLATE(C26; ""ru""; ""sk"")"	"=GOOGLETRANSLATE(C26; ""ru""; ""hu"")"	"=GOOGLETRANSLATE(C26; ""ru""; ""el"")"	"=GOOGLETRANSLATE(C26; ""ru""; ""sl"")"	"=GOOGLETRANSLATE(C26; ""ru""; ""et"")"	"=GOOGLETRANSLATE(C26; ""ru""; ""lt"")"
Stats	stats_empty_categories	Категории появятся после первых пройденных уроков.	"=GOOGLETRANSLATE(C27; ""ru""; ""uk"")"	"=GOOGLETRANSLATE(C27; ""ru""; ""de"")"	"=GOOGLETRANSLATE(C27; ""ru""; ""es"")"	"=GOOGLETRANSLATE(C27; ""ru""; ""fr"")"	"=GOOGLETRANSLATE(C27; ""ru""; ""pl"")"	"=GOOGLETRANSLATE(C27; ""ru""; ""it"")"	"=GOOGLETRANSLATE(C27; ""ru""; ""tr"")"	"=GOOGLETRANSLATE(C27; ""ru""; ""pt"")"	"=GOOGLETRANSLATE(C27; ""ru""; ""ro"")"	"=GOOGLETRANSLATE(C27; ""ru""; ""bg"")"	"=GOOGLETRANSLATE(C27; ""ru""; ""cs"")"	"=GOOGLETRANSLATE(C27; ""ru""; ""sk"")"	"=GOOGLETRANSLATE(C27; ""ru""; ""hu"")"	"=GOOGLETRANSLATE(C27; ""ru""; ""el"")"	"=GOOGLETRANSLATE(C27; ""ru""; ""sl"")"	"=GOOGLETRANSLATE(C27; ""ru""; ""et"")"	"=GOOGLETRANSLATE(C27; ""ru""; ""lt"")"
Favorites	fav_title	❤️ Избранные слова	"=GOOGLETRANSLATE(C28; ""ru""; ""uk"")"	"=GOOGLETRANSLATE(C28; ""ru""; ""de"")"	"=GOOGLETRANSLATE(C28; ""ru""; ""es"")"	"=GOOGLETRANSLATE(C28; ""ru""; ""fr"")"	"=GOOGLETRANSLATE(C28; ""ru""; ""pl"")"	"=GOOGLETRANSLATE(C28; ""ru""; ""it"")"	"=GOOGLETRANSLATE(C28; ""ru""; ""tr"")"	"=GOOGLETRANSLATE(C28; ""ru""; ""pt"")"	"=GOOGLETRANSLATE(C28; ""ru""; ""ro"")"	"=GOOGLETRANSLATE(C28; ""ru""; ""bg"")"	"=GOOGLETRANSLATE(C28; ""ru""; ""cs"")"	"=GOOGLETRANSLATE(C28; ""ru""; ""sk"")"	"=GOOGLETRANSLATE(C28; ""ru""; ""hu"")"	"=GOOGLETRANSLATE(C28; ""ru""; ""el"")"	"=GOOGLETRANSLATE(C28; ""ru""; ""sl"")"	"=GOOGLETRANSLATE(C28; ""ru""; ""et"")"	"=GOOGLETRANSLATE(C28; ""ru""; ""lt"")"
Favorites	fav_empty	У вас нет избранных слов	"=GOOGLETRANSLATE(C29; ""ru""; ""uk"")"	"=GOOGLETRANSLATE(C29; ""ru""; ""de"")"	"=GOOGLETRANSLATE(C29; ""ru""; ""es"")"	"=GOOGLETRANSLATE(C29; ""ru""; ""fr"")"	"=GOOGLETRANSLATE(C29; ""ru""; ""pl"")"	"=GOOGLETRANSLATE(C29; ""ru""; ""it"")"	"=GOOGLETRANSLATE(C29; ""ru""; ""tr"")"	"=GOOGLETRANSLATE(C29; ""ru""; ""pt"")"	"=GOOGLETRANSLATE(C29; ""ru""; ""ro"")"	"=GOOGLETRANSLATE(C29; ""ru""; ""bg"")"	"=GOOGLETRANSLATE(C29; ""ru""; ""cs"")"	"=GOOGLETRANSLATE(C29; ""ru""; ""sk"")"	"=GOOGLETRANSLATE(C29; ""ru""; ""hu"")"	"=GOOGLETRANSLATE(C29; ""ru""; ""el"")"	"=GOOGLETRANSLATE(C29; ""ru""; ""sl"")"	"=GOOGLETRANSLATE(C29; ""ru""; ""et"")"	"=GOOGLETRANSLATE(C29; ""ru""; ""lt"")"
Favorites	fav_empty_sub	Добавляйте сложные слова в избранное, нажимая на ❤️ во время тренировок, чтобы повторять их отдельно.	"=GOOGLETRANSLATE(C30; ""ru""; ""uk"")"	"=GOOGLETRANSLATE(C30; ""ru""; ""de"")"	"=GOOGLETRANSLATE(C30; ""ru""; ""es"")"	"=GOOGLETRANSLATE(C30; ""ru""; ""fr"")"	"=GOOGLETRANSLATE(C30; ""ru""; ""pl"")"	"=GOOGLETRANSLATE(C30; ""ru""; ""it"")"	"=GOOGLETRANSLATE(C30; ""ru""; ""tr"")"	"=GOOGLETRANSLATE(C30; ""ru""; ""pt"")"	"=GOOGLETRANSLATE(C30; ""ru""; ""ro"")"	"=GOOGLETRANSLATE(C30; ""ru""; ""bg"")"	"=GOOGLETRANSLATE(C30; ""ru""; ""cs"")"	"=GOOGLETRANSLATE(C30; ""ru""; ""sk"")"	"=GOOGLETRANSLATE(C30; ""ru""; ""hu"")"	"=GOOGLETRANSLATE(C30; ""ru""; ""el"")"	"=GOOGLETRANSLATE(C30; ""ru""; ""sl"")"	"=GOOGLETRANSLATE(C30; ""ru""; ""et"")"	"=GOOGLETRANSLATE(C30; ""ru""; ""lt"")"
Favorites	fav_start_btn	🎓 Перейти к тренировке	"=GOOGLETRANSLATE(C31; ""ru""; ""uk"")"	"=GOOGLETRANSLATE(C31; ""ru""; ""de"")"	"=GOOGLETRANSLATE(C31; ""ru""; ""es"")"	"=GOOGLETRANSLATE(C31; ""ru""; ""fr"")"	"=GOOGLETRANSLATE(C31; ""ru""; ""pl"")"	"=GOOGLETRANSLATE(C31; ""ru""; ""it"")"	"=GOOGLETRANSLATE(C31; ""ru""; ""tr"")"	"=GOOGLETRANSLATE(C31; ""ru""; ""pt"")"	"=GOOGLETRANSLATE(C31; ""ru""; ""ro"")"	"=GOOGLETRANSLATE(C31; ""ru""; ""bg"")"	"=GOOGLETRANSLATE(C31; ""ru""; ""cs"")"	"=GOOGLETRANSLATE(C31; ""ru""; ""sk"")"	"=GOOGLETRANSLATE(C31; ""ru""; ""hu"")"	"=GOOGLETRANSLATE(C31; ""ru""; ""el"")"	"=GOOGLETRANSLATE(C31; ""ru""; ""sl"")"	"=GOOGLETRANSLATE(C31; ""ru""; ""et"")"	"=GOOGLETRANSLATE(C31; ""ru""; ""lt"")"
Favorites	fav_practice_btn	🔥 Повторить избранное	"=GOOGLETRANSLATE(C32; ""ru""; ""uk"")"	"=GOOGLETRANSLATE(C32; ""ru""; ""de"")"	"=GOOGLETRANSLATE(C32; ""ru""; ""es"")"	"=GOOGLETRANSLATE(C32; ""ru""; ""fr"")"	"=GOOGLETRANSLATE(C32; ""ru""; ""pl"")"	"=GOOGLETRANSLATE(C32; ""ru""; ""it"")"	"=GOOGLETRANSLATE(C32; ""ru""; ""tr"")"	"=GOOGLETRANSLATE(C32; ""ru""; ""pt"")"	"=GOOGLETRANSLATE(C32; ""ru""; ""ro"")"	"=GOOGLETRANSLATE(C32; ""ru""; ""bg"")"	"=GOOGLETRANSLATE(C32; ""ru""; ""cs"")"	"=GOOGLETRANSLATE(C32; ""ru""; ""sk"")"	"=GOOGLETRANSLATE(C32; ""ru""; ""hu"")"	"=GOOGLETRANSLATE(C32; ""ru""; ""el"")"	"=GOOGLETRANSLATE(C32; ""ru""; ""sl"")"	"=GOOGLETRANSLATE(C32; ""ru""; ""et"")"	"=GOOGLETRANSLATE(C32; ""ru""; ""lt"")"
Dictionary	dict_title	📖 Мой словарь	"=GOOGLETRANSLATE(C33; ""ru""; ""uk"")"	"=GOOGLETRANSLATE(C33; ""ru""; ""de"")"	"=GOOGLETRANSLATE(C33; ""ru""; ""es"")"	"=GOOGLETRANSLATE(C33; ""ru""; ""fr"")"	"=GOOGLETRANSLATE(C33; ""ru""; ""pl"")"	"=GOOGLETRANSLATE(C33; ""ru""; ""it"")"	"=GOOGLETRANSLATE(C33; ""ru""; ""tr"")"	"=GOOGLETRANSLATE(C33; ""ru""; ""pt"")"	"=GOOGLETRANSLATE(C33; ""ru""; ""ro"")"	"=GOOGLETRANSLATE(C33; ""ru""; ""bg"")"	"=GOOGLETRANSLATE(C33; ""ru""; ""cs"")"	"=GOOGLETRANSLATE(C33; ""ru""; ""sk"")"	"=GOOGLETRANSLATE(C33; ""ru""; ""hu"")"	"=GOOGLETRANSLATE(C33; ""ru""; ""el"")"	"=GOOGLETRANSLATE(C33; ""ru""; ""sl"")"	"=GOOGLETRANSLATE(C33; ""ru""; ""et"")"	"=GOOGLETRANSLATE(C33; ""ru""; ""lt"")"
Dictionary	dict_search	Поиск слова...	"=GOOGLETRANSLATE(C34; ""ru""; ""uk"")"	"=GOOGLETRANSLATE(C34; ""ru""; ""de"")"	"=GOOGLETRANSLATE(C34; ""ru""; ""es"")"	"=GOOGLETRANSLATE(C34; ""ru""; ""fr"")"	"=GOOGLETRANSLATE(C34; ""ru""; ""pl"")"	"=GOOGLETRANSLATE(C34; ""ru""; ""it"")"	"=GOOGLETRANSLATE(C34; ""ru""; ""tr"")"	"=GOOGLETRANSLATE(C34; ""ru""; ""pt"")"	"=GOOGLETRANSLATE(C34; ""ru""; ""ro"")"	"=GOOGLETRANSLATE(C34; ""ru""; ""bg"")"	"=GOOGLETRANSLATE(C34; ""ru""; ""cs"")"	"=GOOGLETRANSLATE(C34; ""ru""; ""sk"")"	"=GOOGLETRANSLATE(C34; ""ru""; ""hu"")"	"=GOOGLETRANSLATE(C34; ""ru""; ""el"")"	"=GOOGLETRANSLATE(C34; ""ru""; ""sl"")"	"=GOOGLETRANSLATE(C34; ""ru""; ""et"")"	"=GOOGLETRANSLATE(C34; ""ru""; ""lt"")"
Dictionary	dict_filter_all	Все слова	"=GOOGLETRANSLATE(C35; ""ru""; ""uk"")"	"=GOOGLETRANSLATE(C35; ""ru""; ""de"")"	"=GOOGLETRANSLATE(C35; ""ru""; ""es"")"	"=GOOGLETRANSLATE(C35; ""ru""; ""fr"")"	"=GOOGLETRANSLATE(C35; ""ru""; ""pl"")"	"=GOOGLETRANSLATE(C35; ""ru""; ""it"")"	"=GOOGLETRANSLATE(C35; ""ru""; ""tr"")"	"=GOOGLETRANSLATE(C35; ""ru""; ""pt"")"	"=GOOGLETRANSLATE(C35; ""ru""; ""ro"")"	"=GOOGLETRANSLATE(C35; ""ru""; ""bg"")"	"=GOOGLETRANSLATE(C35; ""ru""; ""cs"")"	"=GOOGLETRANSLATE(C35; ""ru""; ""sk"")"	"=GOOGLETRANSLATE(C35; ""ru""; ""hu"")"	"=GOOGLETRANSLATE(C35; ""ru""; ""el"")"	"=GOOGLETRANSLATE(C35; ""ru""; ""sl"")"	"=GOOGLETRANSLATE(C35; ""ru""; ""et"")"	"=GOOGLETRANSLATE(C35; ""ru""; ""lt"")"
Dictionary	dict_filter_learning	Изучаю	"=GOOGLETRANSLATE(C36; ""ru""; ""uk"")"	"=GOOGLETRANSLATE(C36; ""ru""; ""de"")"	"=GOOGLETRANSLATE(C36; ""ru""; ""es"")"	"=GOOGLETRANSLATE(C36; ""ru""; ""fr"")"	"=GOOGLETRANSLATE(C36; ""ru""; ""pl"")"	"=GOOGLETRANSLATE(C36; ""ru""; ""it"")"	"=GOOGLETRANSLATE(C36; ""ru""; ""tr"")"	"=GOOGLETRANSLATE(C36; ""ru""; ""pt"")"	"=GOOGLETRANSLATE(C36; ""ru""; ""ro"")"	"=GOOGLETRANSLATE(C36; ""ru""; ""bg"")"	"=GOOGLETRANSLATE(C36; ""ru""; ""cs"")"	"=GOOGLETRANSLATE(C36; ""ru""; ""sk"")"	"=GOOGLETRANSLATE(C36; ""ru""; ""hu"")"	"=GOOGLETRANSLATE(C36; ""ru""; ""el"")"	"=GOOGLETRANSLATE(C36; ""ru""; ""sl"")"	"=GOOGLETRANSLATE(C36; ""ru""; ""et"")"	"=GOOGLETRANSLATE(C36; ""ru""; ""lt"")"
Dictionary	dict_filter_mastered	Выучено	"=GOOGLETRANSLATE(C37; ""ru""; ""uk"")"	"=GOOGLETRANSLATE(C37; ""ru""; ""de"")"	"=GOOGLETRANSLATE(C37; ""ru""; ""es"")"	"=GOOGLETRANSLATE(C37; ""ru""; ""fr"")"	"=GOOGLETRANSLATE(C37; ""ru""; ""pl"")"	"=GOOGLETRANSLATE(C37; ""ru""; ""it"")"	"=GOOGLETRANSLATE(C37; ""ru""; ""tr"")"	"=GOOGLETRANSLATE(C37; ""ru""; ""pt"")"	"=GOOGLETRANSLATE(C37; ""ru""; ""ro"")"	"=GOOGLETRANSLATE(C37; ""ru""; ""bg"")"	"=GOOGLETRANSLATE(C37; ""ru""; ""cs"")"	"=GOOGLETRANSLATE(C37; ""ru""; ""sk"")"	"=GOOGLETRANSLATE(C37; ""ru""; ""hu"")"	"=GOOGLETRANSLATE(C37; ""ru""; ""el"")"	"=GOOGLETRANSLATE(C37; ""ru""; ""sl"")"	"=GOOGLETRANSLATE(C37; ""ru""; ""et"")"	"=GOOGLETRANSLATE(C37; ""ru""; ""lt"")"
Dictionary	dict_stage_cards	Карточки	"=GOOGLETRANSLATE(C38; ""ru""; ""uk"")"	"=GOOGLETRANSLATE(C38; ""ru""; ""de"")"	"=GOOGLETRANSLATE(C38; ""ru""; ""es"")"	"=GOOGLETRANSLATE(C38; ""ru""; ""fr"")"	"=GOOGLETRANSLATE(C38; ""ru""; ""pl"")"	"=GOOGLETRANSLATE(C38; ""ru""; ""it"")"	"=GOOGLETRANSLATE(C38; ""ru""; ""tr"")"	"=GOOGLETRANSLATE(C38; ""ru""; ""pt"")"	"=GOOGLETRANSLATE(C38; ""ru""; ""ro"")"	"=GOOGLETRANSLATE(C38; ""ru""; ""bg"")"	"=GOOGLETRANSLATE(C38; ""ru""; ""cs"")"	"=GOOGLETRANSLATE(C38; ""ru""; ""sk"")"	"=GOOGLETRANSLATE(C38; ""ru""; ""hu"")"	"=GOOGLETRANSLATE(C38; ""ru""; ""el"")"	"=GOOGLETRANSLATE(C38; ""ru""; ""sl"")"	"=GOOGLETRANSLATE(C38; ""ru""; ""et"")"	"=GOOGLETRANSLATE(C38; ""ru""; ""lt"")"
Dictionary	dict_stage_quiz	Квиз	"=GOOGLETRANSLATE(C39; ""ru""; ""uk"")"	"=GOOGLETRANSLATE(C39; ""ru""; ""de"")"	"=GOOGLETRANSLATE(C39; ""ru""; ""es"")"	"=GOOGLETRANSLATE(C39; ""ru""; ""fr"")"	"=GOOGLETRANSLATE(C39; ""ru""; ""pl"")"	"=GOOGLETRANSLATE(C39; ""ru""; ""it"")"	"=GOOGLETRANSLATE(C39; ""ru""; ""tr"")"	"=GOOGLETRANSLATE(C39; ""ru""; ""pt"")"	"=GOOGLETRANSLATE(C39; ""ru""; ""ro"")"	"=GOOGLETRANSLATE(C39; ""ru""; ""bg"")"	"=GOOGLETRANSLATE(C39; ""ru""; ""cs"")"	"=GOOGLETRANSLATE(C39; ""ru""; ""sk"")"	"=GOOGLETRANSLATE(C39; ""ru""; ""hu"")"	"=GOOGLETRANSLATE(C39; ""ru""; ""el"")"	"=GOOGLETRANSLATE(C39; ""ru""; ""sl"")"	"=GOOGLETRANSLATE(C39; ""ru""; ""et"")"	"=GOOGLETRANSLATE(C39; ""ru""; ""lt"")"
Dictionary	dict_stage_pairs	Пары	"=GOOGLETRANSLATE(C40; ""ru""; ""uk"")"	"=GOOGLETRANSLATE(C40; ""ru""; ""de"")"	"=GOOGLETRANSLATE(C40; ""ru""; ""es"")"	"=GOOGLETRANSLATE(C40; ""ru""; ""fr"")"	"=GOOGLETRANSLATE(C40; ""ru""; ""pl"")"	"=GOOGLETRANSLATE(C40; ""ru""; ""it"")"	"=GOOGLETRANSLATE(C40; ""ru""; ""tr"")"	"=GOOGLETRANSLATE(C40; ""ru""; ""pt"")"	"=GOOGLETRANSLATE(C40; ""ru""; ""ro"")"	"=GOOGLETRANSLATE(C40; ""ru""; ""bg"")"	"=GOOGLETRANSLATE(C40; ""ru""; ""cs"")"	"=GOOGLETRANSLATE(C40; ""ru""; ""sk"")"	"=GOOGLETRANSLATE(C40; ""ru""; ""hu"")"	"=GOOGLETRANSLATE(C40; ""ru""; ""el"")"	"=GOOGLETRANSLATE(C40; ""ru""; ""sl"")"	"=GOOGLETRANSLATE(C40; ""ru""; ""et"")"	"=GOOGLETRANSLATE(C40; ""ru""; ""lt"")"
Dictionary	dict_stage_test	Тест	"=GOOGLETRANSLATE(C41; ""ru""; ""uk"")"	"=GOOGLETRANSLATE(C41; ""ru""; ""de"")"	"=GOOGLETRANSLATE(C41; ""ru""; ""es"")"	"=GOOGLETRANSLATE(C41; ""ru""; ""fr"")"	"=GOOGLETRANSLATE(C41; ""ru""; ""pl"")"	"=GOOGLETRANSLATE(C41; ""ru""; ""it"")"	"=GOOGLETRANSLATE(C41; ""ru""; ""tr"")"	"=GOOGLETRANSLATE(C41; ""ru""; ""pt"")"	"=GOOGLETRANSLATE(C41; ""ru""; ""ro"")"	"=GOOGLETRANSLATE(C41; ""ru""; ""bg"")"	"=GOOGLETRANSLATE(C41; ""ru""; ""cs"")"	"=GOOGLETRANSLATE(C41; ""ru""; ""sk"")"	"=GOOGLETRANSLATE(C41; ""ru""; ""hu"")"	"=GOOGLETRANSLATE(C41; ""ru""; ""el"")"	"=GOOGLETRANSLATE(C41; ""ru""; ""sl"")"	"=GOOGLETRANSLATE(C41; ""ru""; ""et"")"	"=GOOGLETRANSLATE(C41; ""ru""; ""lt"")"
Dictionary	dict_add_word_btn	+ Добавить своё слово	"=GOOGLETRANSLATE(C42; ""ru""; ""uk"")"	"=GOOGLETRANSLATE(C42; ""ru""; ""de"")"	"=GOOGLETRANSLATE(C42; ""ru""; ""es"")"	"=GOOGLETRANSLATE(C42; ""ru""; ""fr"")"	"=GOOGLETRANSLATE(C42; ""ru""; ""pl"")"	"=GOOGLETRANSLATE(C42; ""ru""; ""it"")"	"=GOOGLETRANSLATE(C42; ""ru""; ""tr"")"	"=GOOGLETRANSLATE(C42; ""ru""; ""pt"")"	"=GOOGLETRANSLATE(C42; ""ru""; ""ro"")"	"=GOOGLETRANSLATE(C42; ""ru""; ""bg"")"	"=GOOGLETRANSLATE(C42; ""ru""; ""cs"")"	"=GOOGLETRANSLATE(C42; ""ru""; ""sk"")"	"=GOOGLETRANSLATE(C42; ""ru""; ""hu"")"	"=GOOGLETRANSLATE(C42; ""ru""; ""el"")"	"=GOOGLETRANSLATE(C42; ""ru""; ""sl"")"	"=GOOGLETRANSLATE(C42; ""ru""; ""et"")"	"=GOOGLETRANSLATE(C42; ""ru""; ""lt"")"
Dictionary	dict_empty_search	Ничего не найдено	"=GOOGLETRANSLATE(C43; ""ru""; ""uk"")"	"=GOOGLETRANSLATE(C43; ""ru""; ""de"")"	"=GOOGLETRANSLATE(C43; ""ru""; ""es"")"	"=GOOGLETRANSLATE(C43; ""ru""; ""fr"")"	"=GOOGLETRANSLATE(C43; ""ru""; ""pl"")"	"=GOOGLETRANSLATE(C43; ""ru""; ""it"")"	"=GOOGLETRANSLATE(C43; ""ru""; ""tr"")"	"=GOOGLETRANSLATE(C43; ""ru""; ""pt"")"	"=GOOGLETRANSLATE(C43; ""ru""; ""ro"")"	"=GOOGLETRANSLATE(C43; ""ru""; ""bg"")"	"=GOOGLETRANSLATE(C43; ""ru""; ""cs"")"	"=GOOGLETRANSLATE(C43; ""ru""; ""sk"")"	"=GOOGLETRANSLATE(C43; ""ru""; ""hu"")"	"=GOOGLETRANSLATE(C43; ""ru""; ""el"")"	"=GOOGLETRANSLATE(C43; ""ru""; ""sl"")"	"=GOOGLETRANSLATE(C43; ""ru""; ""et"")"	"=GOOGLETRANSLATE(C43; ""ru""; ""lt"")"
Modal_AddWord	addword_modal_title	➕ Добавить слово в словарь	"=GOOGLETRANSLATE(C44; ""ru""; ""uk"")"	"=GOOGLETRANSLATE(C44; ""ru""; ""de"")"	"=GOOGLETRANSLATE(C44; ""ru""; ""es"")"	"=GOOGLETRANSLATE(C44; ""ru""; ""fr"")"	"=GOOGLETRANSLATE(C44; ""ru""; ""pl"")"	"=GOOGLETRANSLATE(C44; ""ru""; ""it"")"	"=GOOGLETRANSLATE(C44; ""ru""; ""tr"")"	"=GOOGLETRANSLATE(C44; ""ru""; ""pt"")"	"=GOOGLETRANSLATE(C44; ""ru""; ""ro"")"	"=GOOGLETRANSLATE(C44; ""ru""; ""bg"")"	"=GOOGLETRANSLATE(C44; ""ru""; ""cs"")"	"=GOOGLETRANSLATE(C44; ""ru""; ""sk"")"	"=GOOGLETRANSLATE(C44; ""ru""; ""hu"")"	"=GOOGLETRANSLATE(C44; ""ru""; ""el"")"	"=GOOGLETRANSLATE(C44; ""ru""; ""sl"")"	"=GOOGLETRANSLATE(C44; ""ru""; ""et"")"	"=GOOGLETRANSLATE(C44; ""ru""; ""lt"")"
Modal_AddWord	addword_input_word_label	Английское слово:	"=GOOGLETRANSLATE(C45; ""ru""; ""uk"")"	"=GOOGLETRANSLATE(C45; ""ru""; ""de"")"	"=GOOGLETRANSLATE(C45; ""ru""; ""es"")"	"=GOOGLETRANSLATE(C45; ""ru""; ""fr"")"	"=GOOGLETRANSLATE(C45; ""ru""; ""pl"")"	"=GOOGLETRANSLATE(C45; ""ru""; ""it"")"	"=GOOGLETRANSLATE(C45; ""ru""; ""tr"")"	"=GOOGLETRANSLATE(C45; ""ru""; ""pt"")"	"=GOOGLETRANSLATE(C45; ""ru""; ""ro"")"	"=GOOGLETRANSLATE(C45; ""ru""; ""bg"")"	"=GOOGLETRANSLATE(C45; ""ru""; ""cs"")"	"=GOOGLETRANSLATE(C45; ""ru""; ""sk"")"	"=GOOGLETRANSLATE(C45; ""ru""; ""hu"")"	"=GOOGLETRANSLATE(C45; ""ru""; ""el"")"	"=GOOGLETRANSLATE(C45; ""ru""; ""sl"")"	"=GOOGLETRANSLATE(C45; ""ru""; ""et"")"	"=GOOGLETRANSLATE(C45; ""ru""; ""lt"")"
Modal_AddWord	addword_input_word_ph	например: knowledge	"=GOOGLETRANSLATE(C46; ""ru""; ""uk"")"	"=GOOGLETRANSLATE(C46; ""ru""; ""de"")"	"=GOOGLETRANSLATE(C46; ""ru""; ""es"")"	"=GOOGLETRANSLATE(C46; ""ru""; ""fr"")"	"=GOOGLETRANSLATE(C46; ""ru""; ""pl"")"	"=GOOGLETRANSLATE(C46; ""ru""; ""it"")"	"=GOOGLETRANSLATE(C46; ""ru""; ""tr"")"	"=GOOGLETRANSLATE(C46; ""ru""; ""pt"")"	"=GOOGLETRANSLATE(C46; ""ru""; ""ro"")"	"=GOOGLETRANSLATE(C46; ""ru""; ""bg"")"	"=GOOGLETRANSLATE(C46; ""ru""; ""cs"")"	"=GOOGLETRANSLATE(C46; ""ru""; ""sk"")"	"=GOOGLETRANSLATE(C46; ""ru""; ""hu"")"	"=GOOGLETRANSLATE(C46; ""ru""; ""el"")"	"=GOOGLETRANSLATE(C46; ""ru""; ""sl"")"	"=GOOGLETRANSLATE(C46; ""ru""; ""et"")"	"=GOOGLETRANSLATE(C46; ""ru""; ""lt"")"
Modal_AddWord	addword_input_trans_label	Перевод:	"=GOOGLETRANSLATE(C47; ""ru""; ""uk"")"	"=GOOGLETRANSLATE(C47; ""ru""; ""de"")"	"=GOOGLETRANSLATE(C47; ""ru""; ""es"")"	"=GOOGLETRANSLATE(C47; ""ru""; ""fr"")"	"=GOOGLETRANSLATE(C47; ""ru""; ""pl"")"	"=GOOGLETRANSLATE(C47; ""ru""; ""it"")"	"=GOOGLETRANSLATE(C47; ""ru""; ""tr"")"	"=GOOGLETRANSLATE(C47; ""ru""; ""pt"")"	"=GOOGLETRANSLATE(C47; ""ru""; ""ro"")"	"=GOOGLETRANSLATE(C47; ""ru""; ""bg"")"	"=GOOGLETRANSLATE(C47; ""ru""; ""cs"")"	"=GOOGLETRANSLATE(C47; ""ru""; ""sk"")"	"=GOOGLETRANSLATE(C47; ""ru""; ""hu"")"	"=GOOGLETRANSLATE(C47; ""ru""; ""el"")"	"=GOOGLETRANSLATE(C47; ""ru""; ""sl"")"	"=GOOGLETRANSLATE(C47; ""ru""; ""et"")"	"=GOOGLETRANSLATE(C47; ""ru""; ""lt"")"
Modal_AddWord	addword_input_trans_ph	например: знание	"=GOOGLETRANSLATE(C48; ""ru""; ""uk"")"	"=GOOGLETRANSLATE(C48; ""ru""; ""de"")"	"=GOOGLETRANSLATE(C48; ""ru""; ""es"")"	"=GOOGLETRANSLATE(C48; ""ru""; ""fr"")"	"=GOOGLETRANSLATE(C48; ""ru""; ""pl"")"	"=GOOGLETRANSLATE(C48; ""ru""; ""it"")"	"=GOOGLETRANSLATE(C48; ""ru""; ""tr"")"	"=GOOGLETRANSLATE(C48; ""ru""; ""pt"")"	"=GOOGLETRANSLATE(C48; ""ru""; ""ro"")"	"=GOOGLETRANSLATE(C48; ""ru""; ""bg"")"	"=GOOGLETRANSLATE(C48; ""ru""; ""cs"")"	"=GOOGLETRANSLATE(C48; ""ru""; ""sk"")"	"=GOOGLETRANSLATE(C48; ""ru""; ""hu"")"	"=GOOGLETRANSLATE(C48; ""ru""; ""el"")"	"=GOOGLETRANSLATE(C48; ""ru""; ""sl"")"	"=GOOGLETRANSLATE(C48; ""ru""; ""et"")"	"=GOOGLETRANSLATE(C48; ""ru""; ""lt"")"
Modal_AddWord	addword_input_notes_label	Примечание / контекст (необязательно):	"=GOOGLETRANSLATE(C49; ""ru""; ""uk"")"	"=GOOGLETRANSLATE(C49; ""ru""; ""de"")"	"=GOOGLETRANSLATE(C49; ""ru""; ""es"")"	"=GOOGLETRANSLATE(C49; ""ru""; ""fr"")"	"=GOOGLETRANSLATE(C49; ""ru""; ""pl"")"	"=GOOGLETRANSLATE(C49; ""ru""; ""it"")"	"=GOOGLETRANSLATE(C49; ""ru""; ""tr"")"	"=GOOGLETRANSLATE(C49; ""ru""; ""pt"")"	"=GOOGLETRANSLATE(C49; ""ru""; ""ro"")"	"=GOOGLETRANSLATE(C49; ""ru""; ""bg"")"	"=GOOGLETRANSLATE(C49; ""ru""; ""cs"")"	"=GOOGLETRANSLATE(C49; ""ru""; ""sk"")"	"=GOOGLETRANSLATE(C49; ""ru""; ""hu"")"	"=GOOGLETRANSLATE(C49; ""ru""; ""el"")"	"=GOOGLETRANSLATE(C49; ""ru""; ""sl"")"	"=GOOGLETRANSLATE(C49; ""ru""; ""et"")"	"=GOOGLETRANSLATE(C49; ""ru""; ""lt"")"
Modal_AddWord	addword_input_notes_ph	например: употребляется в формальной речи	"=GOOGLETRANSLATE(C50; ""ru""; ""uk"")"	"=GOOGLETRANSLATE(C50; ""ru""; ""de"")"	"=GOOGLETRANSLATE(C50; ""ru""; ""es"")"	"=GOOGLETRANSLATE(C50; ""ru""; ""fr"")"	"=GOOGLETRANSLATE(C50; ""ru""; ""pl"")"	"=GOOGLETRANSLATE(C50; ""ru""; ""it"")"	"=GOOGLETRANSLATE(C50; ""ru""; ""tr"")"	"=GOOGLETRANSLATE(C50; ""ru""; ""pt"")"	"=GOOGLETRANSLATE(C50; ""ru""; ""ro"")"	"=GOOGLETRANSLATE(C50; ""ru""; ""bg"")"	"=GOOGLETRANSLATE(C50; ""ru""; ""cs"")"	"=GOOGLETRANSLATE(C50; ""ru""; ""sk"")"	"=GOOGLETRANSLATE(C50; ""ru""; ""hu"")"	"=GOOGLETRANSLATE(C50; ""ru""; ""el"")"	"=GOOGLETRANSLATE(C50; ""ru""; ""sl"")"	"=GOOGLETRANSLATE(C50; ""ru""; ""et"")"	"=GOOGLETRANSLATE(C50; ""ru""; ""lt"")"
Modal_AddWord	addword_category_label	Категория:	"=GOOGLETRANSLATE(C51; ""ru""; ""uk"")"	"=GOOGLETRANSLATE(C51; ""ru""; ""de"")"	"=GOOGLETRANSLATE(C51; ""ru""; ""es"")"	"=GOOGLETRANSLATE(C51; ""ru""; ""fr"")"	"=GOOGLETRANSLATE(C51; ""ru""; ""pl"")"	"=GOOGLETRANSLATE(C51; ""ru""; ""it"")"	"=GOOGLETRANSLATE(C51; ""ru""; ""tr"")"	"=GOOGLETRANSLATE(C51; ""ru""; ""pt"")"	"=GOOGLETRANSLATE(C51; ""ru""; ""ro"")"	"=GOOGLETRANSLATE(C51; ""ru""; ""bg"")"	"=GOOGLETRANSLATE(C51; ""ru""; ""cs"")"	"=GOOGLETRANSLATE(C51; ""ru""; ""sk"")"	"=GOOGLETRANSLATE(C51; ""ru""; ""hu"")"	"=GOOGLETRANSLATE(C51; ""ru""; ""el"")"	"=GOOGLETRANSLATE(C51; ""ru""; ""sl"")"	"=GOOGLETRANSLATE(C51; ""ru""; ""et"")"	"=GOOGLETRANSLATE(C51; ""ru""; ""lt"")"
Modal_AddWord	addword_category_ph	Общие	"=GOOGLETRANSLATE(C52; ""ru""; ""uk"")"	"=GOOGLETRANSLATE(C52; ""ru""; ""de"")"	"=GOOGLETRANSLATE(C52; ""ru""; ""es"")"	"=GOOGLETRANSLATE(C52; ""ru""; ""fr"")"	"=GOOGLETRANSLATE(C52; ""ru""; ""pl"")"	"=GOOGLETRANSLATE(C52; ""ru""; ""it"")"	"=GOOGLETRANSLATE(C52; ""ru""; ""tr"")"	"=GOOGLETRANSLATE(C52; ""ru""; ""pt"")"	"=GOOGLETRANSLATE(C52; ""ru""; ""ro"")"	"=GOOGLETRANSLATE(C52; ""ru""; ""bg"")"	"=GOOGLETRANSLATE(C52; ""ru""; ""cs"")"	"=GOOGLETRANSLATE(C52; ""ru""; ""sk"")"	"=GOOGLETRANSLATE(C52; ""ru""; ""hu"")"	"=GOOGLETRANSLATE(C52; ""ru""; ""el"")"	"=GOOGLETRANSLATE(C52; ""ru""; ""sl"")"	"=GOOGLETRANSLATE(C52; ""ru""; ""et"")"	"=GOOGLETRANSLATE(C52; ""ru""; ""lt"")"
Modal_AddWord	addword_btn_submit	✨ Проверить и добавить	"=GOOGLETRANSLATE(C53; ""ru""; ""uk"")"	"=GOOGLETRANSLATE(C53; ""ru""; ""de"")"	"=GOOGLETRANSLATE(C53; ""ru""; ""es"")"	"=GOOGLETRANSLATE(C53; ""ru""; ""fr"")"	"=GOOGLETRANSLATE(C53; ""ru""; ""pl"")"	"=GOOGLETRANSLATE(C53; ""ru""; ""it"")"	"=GOOGLETRANSLATE(C53; ""ru""; ""tr"")"	"=GOOGLETRANSLATE(C53; ""ru""; ""pt"")"	"=GOOGLETRANSLATE(C53; ""ru""; ""ro"")"	"=GOOGLETRANSLATE(C53; ""ru""; ""bg"")"	"=GOOGLETRANSLATE(C53; ""ru""; ""cs"")"	"=GOOGLETRANSLATE(C53; ""ru""; ""sk"")"	"=GOOGLETRANSLATE(C53; ""ru""; ""hu"")"	"=GOOGLETRANSLATE(C53; ""ru""; ""el"")"	"=GOOGLETRANSLATE(C53; ""ru""; ""sl"")"	"=GOOGLETRANSLATE(C53; ""ru""; ""et"")"	"=GOOGLETRANSLATE(C53; ""ru""; ""lt"")"
Modal_AddWord	addword_success_msg	Слово успешно проверено и добавлено!	"=GOOGLETRANSLATE(C54; ""ru""; ""uk"")"	"=GOOGLETRANSLATE(C54; ""ru""; ""de"")"	"=GOOGLETRANSLATE(C54; ""ru""; ""es"")"	"=GOOGLETRANSLATE(C54; ""ru""; ""fr"")"	"=GOOGLETRANSLATE(C54; ""ru""; ""pl"")"	"=GOOGLETRANSLATE(C54; ""ru""; ""it"")"	"=GOOGLETRANSLATE(C54; ""ru""; ""tr"")"	"=GOOGLETRANSLATE(C54; ""ru""; ""pt"")"	"=GOOGLETRANSLATE(C54; ""ru""; ""ro"")"	"=GOOGLETRANSLATE(C54; ""ru""; ""bg"")"	"=GOOGLETRANSLATE(C54; ""ru""; ""cs"")"	"=GOOGLETRANSLATE(C54; ""ru""; ""sk"")"	"=GOOGLETRANSLATE(C54; ""ru""; ""hu"")"	"=GOOGLETRANSLATE(C54; ""ru""; ""el"")"	"=GOOGLETRANSLATE(C54; ""ru""; ""sl"")"	"=GOOGLETRANSLATE(C54; ""ru""; ""et"")"	"=GOOGLETRANSLATE(C54; ""ru""; ""lt"")"
Modal_AddWord	addword_ai_checking	🧠 ИИ проверяет правописание и перевод...	"=GOOGLETRANSLATE(C55; ""ru""; ""uk"")"	"=GOOGLETRANSLATE(C55; ""ru""; ""de"")"	"=GOOGLETRANSLATE(C55; ""ru""; ""es"")"	"=GOOGLETRANSLATE(C55; ""ru""; ""fr"")"	"=GOOGLETRANSLATE(C55; ""ru""; ""pl"")"	"=GOOGLETRANSLATE(C55; ""ru""; ""it"")"	"=GOOGLETRANSLATE(C55; ""ru""; ""tr"")"	"=GOOGLETRANSLATE(C55; ""ru""; ""pt"")"	"=GOOGLETRANSLATE(C55; ""ru""; ""ro"")"	"=GOOGLETRANSLATE(C55; ""ru""; ""bg"")"	"=GOOGLETRANSLATE(C55; ""ru""; ""cs"")"	"=GOOGLETRANSLATE(C55; ""ru""; ""sk"")"	"=GOOGLETRANSLATE(C55; ""ru""; ""hu"")"	"=GOOGLETRANSLATE(C55; ""ru""; ""el"")"	"=GOOGLETRANSLATE(C55; ""ru""; ""sl"")"	"=GOOGLETRANSLATE(C55; ""ru""; ""et"")"	"=GOOGLETRANSLATE(C55; ""ru""; ""lt"")"
Leaderboard	lead_title	🏆 Лига недели	"=GOOGLETRANSLATE(C56; ""ru""; ""uk"")"	"=GOOGLETRANSLATE(C56; ""ru""; ""de"")"	"=GOOGLETRANSLATE(C56; ""ru""; ""es"")"	"=GOOGLETRANSLATE(C56; ""ru""; ""fr"")"	"=GOOGLETRANSLATE(C56; ""ru""; ""pl"")"	"=GOOGLETRANSLATE(C56; ""ru""; ""it"")"	"=GOOGLETRANSLATE(C56; ""ru""; ""tr"")"	"=GOOGLETRANSLATE(C56; ""ru""; ""pt"")"	"=GOOGLETRANSLATE(C56; ""ru""; ""ro"")"	"=GOOGLETRANSLATE(C56; ""ru""; ""bg"")"	"=GOOGLETRANSLATE(C56; ""ru""; ""cs"")"	"=GOOGLETRANSLATE(C56; ""ru""; ""sk"")"	"=GOOGLETRANSLATE(C56; ""ru""; ""hu"")"	"=GOOGLETRANSLATE(C56; ""ru""; ""el"")"	"=GOOGLETRANSLATE(C56; ""ru""; ""sl"")"	"=GOOGLETRANSLATE(C56; ""ru""; ""et"")"	"=GOOGLETRANSLATE(C56; ""ru""; ""lt"")"
Leaderboard	lead_position	Вы находитесь на	"=GOOGLETRANSLATE(C57; ""ru""; ""uk"")"	"=GOOGLETRANSLATE(C57; ""ru""; ""de"")"	"=GOOGLETRANSLATE(C57; ""ru""; ""es"")"	"=GOOGLETRANSLATE(C57; ""ru""; ""fr"")"	"=GOOGLETRANSLATE(C57; ""ru""; ""pl"")"	"=GOOGLETRANSLATE(C57; ""ru""; ""it"")"	"=GOOGLETRANSLATE(C57; ""ru""; ""tr"")"	"=GOOGLETRANSLATE(C57; ""ru""; ""pt"")"	"=GOOGLETRANSLATE(C57; ""ru""; ""ro"")"	"=GOOGLETRANSLATE(C57; ""ru""; ""bg"")"	"=GOOGLETRANSLATE(C57; ""ru""; ""cs"")"	"=GOOGLETRANSLATE(C57; ""ru""; ""sk"")"	"=GOOGLETRANSLATE(C57; ""ru""; ""hu"")"	"=GOOGLETRANSLATE(C57; ""ru""; ""el"")"	"=GOOGLETRANSLATE(C57; ""ru""; ""sl"")"	"=GOOGLETRANSLATE(C57; ""ru""; ""et"")"	"=GOOGLETRANSLATE(C57; ""ru""; ""lt"")"
Leaderboard	lead_position_end	месте	"=GOOGLETRANSLATE(C58; ""ru""; ""uk"")"	"=GOOGLETRANSLATE(C58; ""ru""; ""de"")"	"=GOOGLETRANSLATE(C58; ""ru""; ""es"")"	"=GOOGLETRANSLATE(C58; ""ru""; ""fr"")"	"=GOOGLETRANSLATE(C58; ""ru""; ""pl"")"	"=GOOGLETRANSLATE(C58; ""ru""; ""it"")"	"=GOOGLETRANSLATE(C58; ""ru""; ""tr"")"	"=GOOGLETRANSLATE(C58; ""ru""; ""pt"")"	"=GOOGLETRANSLATE(C58; ""ru""; ""ro"")"	"=GOOGLETRANSLATE(C58; ""ru""; ""bg"")"	"=GOOGLETRANSLATE(C58; ""ru""; ""cs"")"	"=GOOGLETRANSLATE(C58; ""ru""; ""sk"")"	"=GOOGLETRANSLATE(C58; ""ru""; ""hu"")"	"=GOOGLETRANSLATE(C58; ""ru""; ""el"")"	"=GOOGLETRANSLATE(C58; ""ru""; ""sl"")"	"=GOOGLETRANSLATE(C58; ""ru""; ""et"")"	"=GOOGLETRANSLATE(C58; ""ru""; ""lt"")"
Leaderboard	lead_current_week	Текущая неделя	"=GOOGLETRANSLATE(C59; ""ru""; ""uk"")"	"=GOOGLETRANSLATE(C59; ""ru""; ""de"")"	"=GOOGLETRANSLATE(C59; ""ru""; ""es"")"	"=GOOGLETRANSLATE(C59; ""ru""; ""fr"")"	"=GOOGLETRANSLATE(C59; ""ru""; ""pl"")"	"=GOOGLETRANSLATE(C59; ""ru""; ""it"")"	"=GOOGLETRANSLATE(C59; ""ru""; ""tr"")"	"=GOOGLETRANSLATE(C59; ""ru""; ""pt"")"	"=GOOGLETRANSLATE(C59; ""ru""; ""ro"")"	"=GOOGLETRANSLATE(C59; ""ru""; ""bg"")"	"=GOOGLETRANSLATE(C59; ""ru""; ""cs"")"	"=GOOGLETRANSLATE(C59; ""ru""; ""sk"")"	"=GOOGLETRANSLATE(C59; ""ru""; ""hu"")"	"=GOOGLETRANSLATE(C59; ""ru""; ""el"")"	"=GOOGLETRANSLATE(C59; ""ru""; ""sl"")"	"=GOOGLETRANSLATE(C59; ""ru""; ""et"")"	"=GOOGLETRANSLATE(C59; ""ru""; ""lt"")"
Leaderboard	lead_all_time	Общий зачёт	"=GOOGLETRANSLATE(C60; ""ru""; ""uk"")"	"=GOOGLETRANSLATE(C60; ""ru""; ""de"")"	"=GOOGLETRANSLATE(C60; ""ru""; ""es"")"	"=GOOGLETRANSLATE(C60; ""ru""; ""fr"")"	"=GOOGLETRANSLATE(C60; ""ru""; ""pl"")"	"=GOOGLETRANSLATE(C60; ""ru""; ""it"")"	"=GOOGLETRANSLATE(C60; ""ru""; ""tr"")"	"=GOOGLETRANSLATE(C60; ""ru""; ""pt"")"	"=GOOGLETRANSLATE(C60; ""ru""; ""ro"")"	"=GOOGLETRANSLATE(C60; ""ru""; ""bg"")"	"=GOOGLETRANSLATE(C60; ""ru""; ""cs"")"	"=GOOGLETRANSLATE(C60; ""ru""; ""sk"")"	"=GOOGLETRANSLATE(C60; ""ru""; ""hu"")"	"=GOOGLETRANSLATE(C60; ""ru""; ""el"")"	"=GOOGLETRANSLATE(C60; ""ru""; ""sl"")"	"=GOOGLETRANSLATE(C60; ""ru""; ""et"")"	"=GOOGLETRANSLATE(C60; ""ru""; ""lt"")"
Leaderboard	lead_rules	Правила лиги	"=GOOGLETRANSLATE(C61; ""ru""; ""uk"")"	"=GOOGLETRANSLATE(C61; ""ru""; ""de"")"	"=GOOGLETRANSLATE(C61; ""ru""; ""es"")"	"=GOOGLETRANSLATE(C61; ""ru""; ""fr"")"	"=GOOGLETRANSLATE(C61; ""ru""; ""pl"")"	"=GOOGLETRANSLATE(C61; ""ru""; ""it"")"	"=GOOGLETRANSLATE(C61; ""ru""; ""tr"")"	"=GOOGLETRANSLATE(C61; ""ru""; ""pt"")"	"=GOOGLETRANSLATE(C61; ""ru""; ""ro"")"	"=GOOGLETRANSLATE(C61; ""ru""; ""bg"")"	"=GOOGLETRANSLATE(C61; ""ru""; ""cs"")"	"=GOOGLETRANSLATE(C61; ""ru""; ""sk"")"	"=GOOGLETRANSLATE(C61; ""ru""; ""hu"")"	"=GOOGLETRANSLATE(C61; ""ru""; ""el"")"	"=GOOGLETRANSLATE(C61; ""ru""; ""sl"")"	"=GOOGLETRANSLATE(C61; ""ru""; ""et"")"	"=GOOGLETRANSLATE(C61; ""ru""; ""lt"")"
Leaderboard	lead_no_players	Игроки появятся после первого начисления XP	"=GOOGLETRANSLATE(C62; ""ru""; ""uk"")"	"=GOOGLETRANSLATE(C62; ""ru""; ""de"")"	"=GOOGLETRANSLATE(C62; ""ru""; ""es"")"	"=GOOGLETRANSLATE(C62; ""ru""; ""fr"")"	"=GOOGLETRANSLATE(C62; ""ru""; ""pl"")"	"=GOOGLETRANSLATE(C62; ""ru""; ""it"")"	"=GOOGLETRANSLATE(C62; ""ru""; ""tr"")"	"=GOOGLETRANSLATE(C62; ""ru""; ""pt"")"	"=GOOGLETRANSLATE(C62; ""ru""; ""ro"")"	"=GOOGLETRANSLATE(C62; ""ru""; ""bg"")"	"=GOOGLETRANSLATE(C62; ""ru""; ""cs"")"	"=GOOGLETRANSLATE(C62; ""ru""; ""sk"")"	"=GOOGLETRANSLATE(C62; ""ru""; ""hu"")"	"=GOOGLETRANSLATE(C62; ""ru""; ""el"")"	"=GOOGLETRANSLATE(C62; ""ru""; ""sl"")"	"=GOOGLETRANSLATE(C62; ""ru""; ""et"")"	"=GOOGLETRANSLATE(C62; ""ru""; ""lt"")"
Leaderboard	lead_rule_correct	Правильный ответ: +1..+3 XP	"=GOOGLETRANSLATE(C63; ""ru""; ""uk"")"	"=GOOGLETRANSLATE(C63; ""ru""; ""de"")"	"=GOOGLETRANSLATE(C63; ""ru""; ""es"")"	"=GOOGLETRANSLATE(C63; ""ru""; ""fr"")"	"=GOOGLETRANSLATE(C63; ""ru""; ""pl"")"	"=GOOGLETRANSLATE(C63; ""ru""; ""it"")"	"=GOOGLETRANSLATE(C63; ""ru""; ""tr"")"	"=GOOGLETRANSLATE(C63; ""ru""; ""pt"")"	"=GOOGLETRANSLATE(C63; ""ru""; ""ro"")"	"=GOOGLETRANSLATE(C63; ""ru""; ""bg"")"	"=GOOGLETRANSLATE(C63; ""ru""; ""cs"")"	"=GOOGLETRANSLATE(C63; ""ru""; ""sk"")"	"=GOOGLETRANSLATE(C63; ""ru""; ""hu"")"	"=GOOGLETRANSLATE(C63; ""ru""; ""el"")"	"=GOOGLETRANSLATE(C63; ""ru""; ""sl"")"	"=GOOGLETRANSLATE(C63; ""ru""; ""et"")"	"=GOOGLETRANSLATE(C63; ""ru""; ""lt"")"
Leaderboard	lead_rule_error	Ошибка: -5 XP	"=GOOGLETRANSLATE(C64; ""ru""; ""uk"")"	"=GOOGLETRANSLATE(C64; ""ru""; ""de"")"	"=GOOGLETRANSLATE(C64; ""ru""; ""es"")"	"=GOOGLETRANSLATE(C64; ""ru""; ""fr"")"	"=GOOGLETRANSLATE(C64; ""ru""; ""pl"")"	"=GOOGLETRANSLATE(C64; ""ru""; ""it"")"	"=GOOGLETRANSLATE(C64; ""ru""; ""tr"")"	"=GOOGLETRANSLATE(C64; ""ru""; ""pt"")"	"=GOOGLETRANSLATE(C64; ""ru""; ""ro"")"	"=GOOGLETRANSLATE(C64; ""ru""; ""bg"")"	"=GOOGLETRANSLATE(C64; ""ru""; ""cs"")"	"=GOOGLETRANSLATE(C64; ""ru""; ""sk"")"	"=GOOGLETRANSLATE(C64; ""ru""; ""hu"")"	"=GOOGLETRANSLATE(C64; ""ru""; ""el"")"	"=GOOGLETRANSLATE(C64; ""ru""; ""sl"")"	"=GOOGLETRANSLATE(C64; ""ru""; ""et"")"	"=GOOGLETRANSLATE(C64; ""ru""; ""lt"")"
Leaderboard	lead_rule_reset	Сброс рейтинга каждый понедельник в 00:00 UTC	"=GOOGLETRANSLATE(C65; ""ru""; ""uk"")"	"=GOOGLETRANSLATE(C65; ""ru""; ""de"")"	"=GOOGLETRANSLATE(C65; ""ru""; ""es"")"	"=GOOGLETRANSLATE(C65; ""ru""; ""fr"")"	"=GOOGLETRANSLATE(C65; ""ru""; ""pl"")"	"=GOOGLETRANSLATE(C65; ""ru""; ""it"")"	"=GOOGLETRANSLATE(C65; ""ru""; ""tr"")"	"=GOOGLETRANSLATE(C65; ""ru""; ""pt"")"	"=GOOGLETRANSLATE(C65; ""ru""; ""ro"")"	"=GOOGLETRANSLATE(C65; ""ru""; ""bg"")"	"=GOOGLETRANSLATE(C65; ""ru""; ""cs"")"	"=GOOGLETRANSLATE(C65; ""ru""; ""sk"")"	"=GOOGLETRANSLATE(C65; ""ru""; ""hu"")"	"=GOOGLETRANSLATE(C65; ""ru""; ""el"")"	"=GOOGLETRANSLATE(C65; ""ru""; ""sl"")"	"=GOOGLETRANSLATE(C65; ""ru""; ""et"")"	"=GOOGLETRANSLATE(C65; ""ru""; ""lt"")"
Training	train_left	Осталось слов	"=GOOGLETRANSLATE(C66; ""ru""; ""uk"")"	"=GOOGLETRANSLATE(C66; ""ru""; ""de"")"	"=GOOGLETRANSLATE(C66; ""ru""; ""es"")"	"=GOOGLETRANSLATE(C66; ""ru""; ""fr"")"	"=GOOGLETRANSLATE(C66; ""ru""; ""pl"")"	"=GOOGLETRANSLATE(C66; ""ru""; ""it"")"	"=GOOGLETRANSLATE(C66; ""ru""; ""tr"")"	"=GOOGLETRANSLATE(C66; ""ru""; ""pt"")"	"=GOOGLETRANSLATE(C66; ""ru""; ""ro"")"	"=GOOGLETRANSLATE(C66; ""ru""; ""bg"")"	"=GOOGLETRANSLATE(C66; ""ru""; ""cs"")"	"=GOOGLETRANSLATE(C66; ""ru""; ""sk"")"	"=GOOGLETRANSLATE(C66; ""ru""; ""hu"")"	"=GOOGLETRANSLATE(C66; ""ru""; ""el"")"	"=GOOGLETRANSLATE(C66; ""ru""; ""sl"")"	"=GOOGLETRANSLATE(C66; ""ru""; ""et"")"	"=GOOGLETRANSLATE(C66; ""ru""; ""lt"")"
Training	train_in_progress	В обучении	"=GOOGLETRANSLATE(C67; ""ru""; ""uk"")"	"=GOOGLETRANSLATE(C67; ""ru""; ""de"")"	"=GOOGLETRANSLATE(C67; ""ru""; ""es"")"	"=GOOGLETRANSLATE(C67; ""ru""; ""fr"")"	"=GOOGLETRANSLATE(C67; ""ru""; ""pl"")"	"=GOOGLETRANSLATE(C67; ""ru""; ""it"")"	"=GOOGLETRANSLATE(C67; ""ru""; ""tr"")"	"=GOOGLETRANSLATE(C67; ""ru""; ""pt"")"	"=GOOGLETRANSLATE(C67; ""ru""; ""ro"")"	"=GOOGLETRANSLATE(C67; ""ru""; ""bg"")"	"=GOOGLETRANSLATE(C67; ""ru""; ""cs"")"	"=GOOGLETRANSLATE(C67; ""ru""; ""sk"")"	"=GOOGLETRANSLATE(C67; ""ru""; ""hu"")"	"=GOOGLETRANSLATE(C67; ""ru""; ""el"")"	"=GOOGLETRANSLATE(C67; ""ru""; ""sl"")"	"=GOOGLETRANSLATE(C67; ""ru""; ""et"")"	"=GOOGLETRANSLATE(C67; ""ru""; ""lt"")"
Training	train_know	Знаю	"=GOOGLETRANSLATE(C68; ""ru""; ""uk"")"	"=GOOGLETRANSLATE(C68; ""ru""; ""de"")"	"=GOOGLETRANSLATE(C68; ""ru""; ""es"")"	"=GOOGLETRANSLATE(C68; ""ru""; ""fr"")"	"=GOOGLETRANSLATE(C68; ""ru""; ""pl"")"	"=GOOGLETRANSLATE(C68; ""ru""; ""it"")"	"=GOOGLETRANSLATE(C68; ""ru""; ""tr"")"	"=GOOGLETRANSLATE(C68; ""ru""; ""pt"")"	"=GOOGLETRANSLATE(C68; ""ru""; ""ro"")"	"=GOOGLETRANSLATE(C68; ""ru""; ""bg"")"	"=GOOGLETRANSLATE(C68; ""ru""; ""cs"")"	"=GOOGLETRANSLATE(C68; ""ru""; ""sk"")"	"=GOOGLETRANSLATE(C68; ""ru""; ""hu"")"	"=GOOGLETRANSLATE(C68; ""ru""; ""el"")"	"=GOOGLETRANSLATE(C68; ""ru""; ""sl"")"	"=GOOGLETRANSLATE(C68; ""ru""; ""et"")"	"=GOOGLETRANSLATE(C68; ""ru""; ""lt"")"
Training	train_learn	Учить	"=GOOGLETRANSLATE(C69; ""ru""; ""uk"")"	"=GOOGLETRANSLATE(C69; ""ru""; ""de"")"	"=GOOGLETRANSLATE(C69; ""ru""; ""es"")"	"=GOOGLETRANSLATE(C69; ""ru""; ""fr"")"	"=GOOGLETRANSLATE(C69; ""ru""; ""pl"")"	"=GOOGLETRANSLATE(C69; ""ru""; ""it"")"	"=GOOGLETRANSLATE(C69; ""ru""; ""tr"")"	"=GOOGLETRANSLATE(C69; ""ru""; ""pt"")"	"=GOOGLETRANSLATE(C69; ""ru""; ""ro"")"	"=GOOGLETRANSLATE(C69; ""ru""; ""bg"")"	"=GOOGLETRANSLATE(C69; ""ru""; ""cs"")"	"=GOOGLETRANSLATE(C69; ""ru""; ""sk"")"	"=GOOGLETRANSLATE(C69; ""ru""; ""hu"")"	"=GOOGLETRANSLATE(C69; ""ru""; ""el"")"	"=GOOGLETRANSLATE(C69; ""ru""; ""sl"")"	"=GOOGLETRANSLATE(C69; ""ru""; ""et"")"	"=GOOGLETRANSLATE(C69; ""ru""; ""lt"")"
Training	train_cant_speak	Не могу говорить	"=GOOGLETRANSLATE(C70; ""ru""; ""uk"")"	"=GOOGLETRANSLATE(C70; ""ru""; ""de"")"	"=GOOGLETRANSLATE(C70; ""ru""; ""es"")"	"=GOOGLETRANSLATE(C70; ""ru""; ""fr"")"	"=GOOGLETRANSLATE(C70; ""ru""; ""pl"")"	"=GOOGLETRANSLATE(C70; ""ru""; ""it"")"	"=GOOGLETRANSLATE(C70; ""ru""; ""tr"")"	"=GOOGLETRANSLATE(C70; ""ru""; ""pt"")"	"=GOOGLETRANSLATE(C70; ""ru""; ""ro"")"	"=GOOGLETRANSLATE(C70; ""ru""; ""bg"")"	"=GOOGLETRANSLATE(C70; ""ru""; ""cs"")"	"=GOOGLETRANSLATE(C70; ""ru""; ""sk"")"	"=GOOGLETRANSLATE(C70; ""ru""; ""hu"")"	"=GOOGLETRANSLATE(C70; ""ru""; ""el"")"	"=GOOGLETRANSLATE(C70; ""ru""; ""sl"")"	"=GOOGLETRANSLATE(C70; ""ru""; ""et"")"	"=GOOGLETRANSLATE(C70; ""ru""; ""lt"")"
Training	train_check	Проверить	"=GOOGLETRANSLATE(C71; ""ru""; ""uk"")"	"=GOOGLETRANSLATE(C71; ""ru""; ""de"")"	"=GOOGLETRANSLATE(C71; ""ru""; ""es"")"	"=GOOGLETRANSLATE(C71; ""ru""; ""fr"")"	"=GOOGLETRANSLATE(C71; ""ru""; ""pl"")"	"=GOOGLETRANSLATE(C71; ""ru""; ""it"")"	"=GOOGLETRANSLATE(C71; ""ru""; ""tr"")"	"=GOOGLETRANSLATE(C71; ""ru""; ""pt"")"	"=GOOGLETRANSLATE(C71; ""ru""; ""ro"")"	"=GOOGLETRANSLATE(C71; ""ru""; ""bg"")"	"=GOOGLETRANSLATE(C71; ""ru""; ""cs"")"	"=GOOGLETRANSLATE(C71; ""ru""; ""sk"")"	"=GOOGLETRANSLATE(C71; ""ru""; ""hu"")"	"=GOOGLETRANSLATE(C71; ""ru""; ""el"")"	"=GOOGLETRANSLATE(C71; ""ru""; ""sl"")"	"=GOOGLETRANSLATE(C71; ""ru""; ""et"")"	"=GOOGLETRANSLATE(C71; ""ru""; ""lt"")"
Training	train_continue	Продолжить	"=GOOGLETRANSLATE(C72; ""ru""; ""uk"")"	"=GOOGLETRANSLATE(C72; ""ru""; ""de"")"	"=GOOGLETRANSLATE(C72; ""ru""; ""es"")"	"=GOOGLETRANSLATE(C72; ""ru""; ""fr"")"	"=GOOGLETRANSLATE(C72; ""ru""; ""pl"")"	"=GOOGLETRANSLATE(C72; ""ru""; ""it"")"	"=GOOGLETRANSLATE(C72; ""ru""; ""tr"")"	"=GOOGLETRANSLATE(C72; ""ru""; ""pt"")"	"=GOOGLETRANSLATE(C72; ""ru""; ""ro"")"	"=GOOGLETRANSLATE(C72; ""ru""; ""bg"")"	"=GOOGLETRANSLATE(C72; ""ru""; ""cs"")"	"=GOOGLETRANSLATE(C72; ""ru""; ""sk"")"	"=GOOGLETRANSLATE(C72; ""ru""; ""hu"")"	"=GOOGLETRANSLATE(C72; ""ru""; ""el"")"	"=GOOGLETRANSLATE(C72; ""ru""; ""sl"")"	"=GOOGLETRANSLATE(C72; ""ru""; ""et"")"	"=GOOGLETRANSLATE(C72; ""ru""; ""lt"")"
Training	train_mastered_title	Поздравляем!	"=GOOGLETRANSLATE(C73; ""ru""; ""uk"")"	"=GOOGLETRANSLATE(C73; ""ru""; ""de"")"	"=GOOGLETRANSLATE(C73; ""ru""; ""es"")"	"=GOOGLETRANSLATE(C73; ""ru""; ""fr"")"	"=GOOGLETRANSLATE(C73; ""ru""; ""pl"")"	"=GOOGLETRANSLATE(C73; ""ru""; ""it"")"	"=GOOGLETRANSLATE(C73; ""ru""; ""tr"")"	"=GOOGLETRANSLATE(C73; ""ru""; ""pt"")"	"=GOOGLETRANSLATE(C73; ""ru""; ""ro"")"	"=GOOGLETRANSLATE(C73; ""ru""; ""bg"")"	"=GOOGLETRANSLATE(C73; ""ru""; ""cs"")"	"=GOOGLETRANSLATE(C73; ""ru""; ""sk"")"	"=GOOGLETRANSLATE(C73; ""ru""; ""hu"")"	"=GOOGLETRANSLATE(C73; ""ru""; ""el"")"	"=GOOGLETRANSLATE(C73; ""ru""; ""sl"")"	"=GOOGLETRANSLATE(C73; ""ru""; ""et"")"	"=GOOGLETRANSLATE(C73; ""ru""; ""lt"")"
Training	train_mastered_all_favs	Все избранные слова изучены!	"=GOOGLETRANSLATE(C74; ""ru""; ""uk"")"	"=GOOGLETRANSLATE(C74; ""ru""; ""de"")"	"=GOOGLETRANSLATE(C74; ""ru""; ""es"")"	"=GOOGLETRANSLATE(C74; ""ru""; ""fr"")"	"=GOOGLETRANSLATE(C74; ""ru""; ""pl"")"	"=GOOGLETRANSLATE(C74; ""ru""; ""it"")"	"=GOOGLETRANSLATE(C74; ""ru""; ""tr"")"	"=GOOGLETRANSLATE(C74; ""ru""; ""pt"")"	"=GOOGLETRANSLATE(C74; ""ru""; ""ro"")"	"=GOOGLETRANSLATE(C74; ""ru""; ""bg"")"	"=GOOGLETRANSLATE(C74; ""ru""; ""cs"")"	"=GOOGLETRANSLATE(C74; ""ru""; ""sk"")"	"=GOOGLETRANSLATE(C74; ""ru""; ""hu"")"	"=GOOGLETRANSLATE(C74; ""ru""; ""el"")"	"=GOOGLETRANSLATE(C74; ""ru""; ""sl"")"	"=GOOGLETRANSLATE(C74; ""ru""; ""et"")"	"=GOOGLETRANSLATE(C74; ""ru""; ""lt"")"
Training	train_mastered_sub_favs	Вы успешно изучили все избранные слова!	"=GOOGLETRANSLATE(C75; ""ru""; ""uk"")"	"=GOOGLETRANSLATE(C75; ""ru""; ""de"")"	"=GOOGLETRANSLATE(C75; ""ru""; ""es"")"	"=GOOGLETRANSLATE(C75; ""ru""; ""fr"")"	"=GOOGLETRANSLATE(C75; ""ru""; ""pl"")"	"=GOOGLETRANSLATE(C75; ""ru""; ""it"")"	"=GOOGLETRANSLATE(C75; ""ru""; ""tr"")"	"=GOOGLETRANSLATE(C75; ""ru""; ""pt"")"	"=GOOGLETRANSLATE(C75; ""ru""; ""ro"")"	"=GOOGLETRANSLATE(C75; ""ru""; ""bg"")"	"=GOOGLETRANSLATE(C75; ""ru""; ""cs"")"	"=GOOGLETRANSLATE(C75; ""ru""; ""sk"")"	"=GOOGLETRANSLATE(C75; ""ru""; ""hu"")"	"=GOOGLETRANSLATE(C75; ""ru""; ""el"")"	"=GOOGLETRANSLATE(C75; ""ru""; ""sl"")"	"=GOOGLETRANSLATE(C75; ""ru""; ""et"")"	"=GOOGLETRANSLATE(C75; ""ru""; ""lt"")"
Training	train_mastered_sub_cat	Все слова в категории успешно выучены!	"=GOOGLETRANSLATE(C76; ""ru""; ""uk"")"	"=GOOGLETRANSLATE(C76; ""ru""; ""de"")"	"=GOOGLETRANSLATE(C76; ""ru""; ""es"")"	"=GOOGLETRANSLATE(C76; ""ru""; ""fr"")"	"=GOOGLETRANSLATE(C76; ""ru""; ""pl"")"	"=GOOGLETRANSLATE(C76; ""ru""; ""it"")"	"=GOOGLETRANSLATE(C76; ""ru""; ""tr"")"	"=GOOGLETRANSLATE(C76; ""ru""; ""pt"")"	"=GOOGLETRANSLATE(C76; ""ru""; ""ro"")"	"=GOOGLETRANSLATE(C76; ""ru""; ""bg"")"	"=GOOGLETRANSLATE(C76; ""ru""; ""cs"")"	"=GOOGLETRANSLATE(C76; ""ru""; ""sk"")"	"=GOOGLETRANSLATE(C76; ""ru""; ""hu"")"	"=GOOGLETRANSLATE(C76; ""ru""; ""el"")"	"=GOOGLETRANSLATE(C76; ""ru""; ""sl"")"	"=GOOGLETRANSLATE(C76; ""ru""; ""et"")"	"=GOOGLETRANSLATE(C76; ""ru""; ""lt"")"
Training	train_review_again	🔄 Повторить заново	"=GOOGLETRANSLATE(C77; ""ru""; ""uk"")"	"=GOOGLETRANSLATE(C77; ""ru""; ""de"")"	"=GOOGLETRANSLATE(C77; ""ru""; ""es"")"	"=GOOGLETRANSLATE(C77; ""ru""; ""fr"")"	"=GOOGLETRANSLATE(C77; ""ru""; ""pl"")"	"=GOOGLETRANSLATE(C77; ""ru""; ""it"")"	"=GOOGLETRANSLATE(C77; ""ru""; ""tr"")"	"=GOOGLETRANSLATE(C77; ""ru""; ""pt"")"	"=GOOGLETRANSLATE(C77; ""ru""; ""ro"")"	"=GOOGLETRANSLATE(C77; ""ru""; ""bg"")"	"=GOOGLETRANSLATE(C77; ""ru""; ""cs"")"	"=GOOGLETRANSLATE(C77; ""ru""; ""sk"")"	"=GOOGLETRANSLATE(C77; ""ru""; ""hu"")"	"=GOOGLETRANSLATE(C77; ""ru""; ""el"")"	"=GOOGLETRANSLATE(C77; ""ru""; ""sl"")"	"=GOOGLETRANSLATE(C77; ""ru""; ""et"")"	"=GOOGLETRANSLATE(C77; ""ru""; ""lt"")"
Training	train_exit_favs	Вернуться в общую программу	"=GOOGLETRANSLATE(C78; ""ru""; ""uk"")"	"=GOOGLETRANSLATE(C78; ""ru""; ""de"")"	"=GOOGLETRANSLATE(C78; ""ru""; ""es"")"	"=GOOGLETRANSLATE(C78; ""ru""; ""fr"")"	"=GOOGLETRANSLATE(C78; ""ru""; ""pl"")"	"=GOOGLETRANSLATE(C78; ""ru""; ""it"")"	"=GOOGLETRANSLATE(C78; ""ru""; ""tr"")"	"=GOOGLETRANSLATE(C78; ""ru""; ""pt"")"	"=GOOGLETRANSLATE(C78; ""ru""; ""ro"")"	"=GOOGLETRANSLATE(C78; ""ru""; ""bg"")"	"=GOOGLETRANSLATE(C78; ""ru""; ""cs"")"	"=GOOGLETRANSLATE(C78; ""ru""; ""sk"")"	"=GOOGLETRANSLATE(C78; ""ru""; ""hu"")"	"=GOOGLETRANSLATE(C78; ""ru""; ""el"")"	"=GOOGLETRANSLATE(C78; ""ru""; ""sl"")"	"=GOOGLETRANSLATE(C78; ""ru""; ""et"")"	"=GOOGLETRANSLATE(C78; ""ru""; ""lt"")"
Training	train_no_words_test	Нет слов для Теста	"=GOOGLETRANSLATE(C79; ""ru""; ""uk"")"	"=GOOGLETRANSLATE(C79; ""ru""; ""de"")"	"=GOOGLETRANSLATE(C79; ""ru""; ""es"")"	"=GOOGLETRANSLATE(C79; ""ru""; ""fr"")"	"=GOOGLETRANSLATE(C79; ""ru""; ""pl"")"	"=GOOGLETRANSLATE(C79; ""ru""; ""it"")"	"=GOOGLETRANSLATE(C79; ""ru""; ""tr"")"	"=GOOGLETRANSLATE(C79; ""ru""; ""pt"")"	"=GOOGLETRANSLATE(C79; ""ru""; ""ro"")"	"=GOOGLETRANSLATE(C79; ""ru""; ""bg"")"	"=GOOGLETRANSLATE(C79; ""ru""; ""cs"")"	"=GOOGLETRANSLATE(C79; ""ru""; ""sk"")"	"=GOOGLETRANSLATE(C79; ""ru""; ""hu"")"	"=GOOGLETRANSLATE(C79; ""ru""; ""el"")"	"=GOOGLETRANSLATE(C79; ""ru""; ""sl"")"	"=GOOGLETRANSLATE(C79; ""ru""; ""et"")"	"=GOOGLETRANSLATE(C79; ""ru""; ""lt"")"
Training	train_no_words_test_sub	Сюда попадают слова, прошедшие режим «Пары».	"=GOOGLETRANSLATE(C80; ""ru""; ""uk"")"	"=GOOGLETRANSLATE(C80; ""ru""; ""de"")"	"=GOOGLETRANSLATE(C80; ""ru""; ""es"")"	"=GOOGLETRANSLATE(C80; ""ru""; ""fr"")"	"=GOOGLETRANSLATE(C80; ""ru""; ""pl"")"	"=GOOGLETRANSLATE(C80; ""ru""; ""it"")"	"=GOOGLETRANSLATE(C80; ""ru""; ""tr"")"	"=GOOGLETRANSLATE(C80; ""ru""; ""pt"")"	"=GOOGLETRANSLATE(C80; ""ru""; ""ro"")"	"=GOOGLETRANSLATE(C80; ""ru""; ""bg"")"	"=GOOGLETRANSLATE(C80; ""ru""; ""cs"")"	"=GOOGLETRANSLATE(C80; ""ru""; ""sk"")"	"=GOOGLETRANSLATE(C80; ""ru""; ""hu"")"	"=GOOGLETRANSLATE(C80; ""ru""; ""el"")"	"=GOOGLETRANSLATE(C80; ""ru""; ""sl"")"	"=GOOGLETRANSLATE(C80; ""ru""; ""et"")"	"=GOOGLETRANSLATE(C80; ""ru""; ""lt"")"
Training	train_no_words_quiz	Нет слов для Квиза	"=GOOGLETRANSLATE(C81; ""ru""; ""uk"")"	"=GOOGLETRANSLATE(C81; ""ru""; ""de"")"	"=GOOGLETRANSLATE(C81; ""ru""; ""es"")"	"=GOOGLETRANSLATE(C81; ""ru""; ""fr"")"	"=GOOGLETRANSLATE(C81; ""ru""; ""pl"")"	"=GOOGLETRANSLATE(C81; ""ru""; ""it"")"	"=GOOGLETRANSLATE(C81; ""ru""; ""tr"")"	"=GOOGLETRANSLATE(C81; ""ru""; ""pt"")"	"=GOOGLETRANSLATE(C81; ""ru""; ""ro"")"	"=GOOGLETRANSLATE(C81; ""ru""; ""bg"")"	"=GOOGLETRANSLATE(C81; ""ru""; ""cs"")"	"=GOOGLETRANSLATE(C81; ""ru""; ""sk"")"	"=GOOGLETRANSLATE(C81; ""ru""; ""hu"")"	"=GOOGLETRANSLATE(C81; ""ru""; ""el"")"	"=GOOGLETRANSLATE(C81; ""ru""; ""sl"")"	"=GOOGLETRANSLATE(C81; ""ru""; ""et"")"	"=GOOGLETRANSLATE(C81; ""ru""; ""lt"")"
Training	train_no_words_quiz_sub	Сюда попадают слова из Карточек по кнопке «Учить».	"=GOOGLETRANSLATE(C82; ""ru""; ""uk"")"	"=GOOGLETRANSLATE(C82; ""ru""; ""de"")"	"=GOOGLETRANSLATE(C82; ""ru""; ""es"")"	"=GOOGLETRANSLATE(C82; ""ru""; ""fr"")"	"=GOOGLETRANSLATE(C82; ""ru""; ""pl"")"	"=GOOGLETRANSLATE(C82; ""ru""; ""it"")"	"=GOOGLETRANSLATE(C82; ""ru""; ""tr"")"	"=GOOGLETRANSLATE(C82; ""ru""; ""pt"")"	"=GOOGLETRANSLATE(C82; ""ru""; ""ro"")"	"=GOOGLETRANSLATE(C82; ""ru""; ""bg"")"	"=GOOGLETRANSLATE(C82; ""ru""; ""cs"")"	"=GOOGLETRANSLATE(C82; ""ru""; ""sk"")"	"=GOOGLETRANSLATE(C82; ""ru""; ""hu"")"	"=GOOGLETRANSLATE(C82; ""ru""; ""el"")"	"=GOOGLETRANSLATE(C82; ""ru""; ""sl"")"	"=GOOGLETRANSLATE(C82; ""ru""; ""et"")"	"=GOOGLETRANSLATE(C82; ""ru""; ""lt"")"
Training	train_no_words_pairs	Нет слов для режима «Пары»	"=GOOGLETRANSLATE(C83; ""ru""; ""uk"")"	"=GOOGLETRANSLATE(C83; ""ru""; ""de"")"	"=GOOGLETRANSLATE(C83; ""ru""; ""es"")"	"=GOOGLETRANSLATE(C83; ""ru""; ""fr"")"	"=GOOGLETRANSLATE(C83; ""ru""; ""pl"")"	"=GOOGLETRANSLATE(C83; ""ru""; ""it"")"	"=GOOGLETRANSLATE(C83; ""ru""; ""tr"")"	"=GOOGLETRANSLATE(C83; ""ru""; ""pt"")"	"=GOOGLETRANSLATE(C83; ""ru""; ""ro"")"	"=GOOGLETRANSLATE(C83; ""ru""; ""bg"")"	"=GOOGLETRANSLATE(C83; ""ru""; ""cs"")"	"=GOOGLETRANSLATE(C83; ""ru""; ""sk"")"	"=GOOGLETRANSLATE(C83; ""ru""; ""hu"")"	"=GOOGLETRANSLATE(C83; ""ru""; ""el"")"	"=GOOGLETRANSLATE(C83; ""ru""; ""sl"")"	"=GOOGLETRANSLATE(C83; ""ru""; ""et"")"	"=GOOGLETRANSLATE(C83; ""ru""; ""lt"")"
Training	train_no_words_pairs_sub	Сюда попадают слова из Квиза или отмеченные «Знаю».	"=GOOGLETRANSLATE(C84; ""ru""; ""uk"")"	"=GOOGLETRANSLATE(C84; ""ru""; ""de"")"	"=GOOGLETRANSLATE(C84; ""ru""; ""es"")"	"=GOOGLETRANSLATE(C84; ""ru""; ""fr"")"	"=GOOGLETRANSLATE(C84; ""ru""; ""pl"")"	"=GOOGLETRANSLATE(C84; ""ru""; ""it"")"	"=GOOGLETRANSLATE(C84; ""ru""; ""tr"")"	"=GOOGLETRANSLATE(C84; ""ru""; ""pt"")"	"=GOOGLETRANSLATE(C84; ""ru""; ""ro"")"	"=GOOGLETRANSLATE(C84; ""ru""; ""bg"")"	"=GOOGLETRANSLATE(C84; ""ru""; ""cs"")"	"=GOOGLETRANSLATE(C84; ""ru""; ""sk"")"	"=GOOGLETRANSLATE(C84; ""ru""; ""hu"")"	"=GOOGLETRANSLATE(C84; ""ru""; ""el"")"	"=GOOGLETRANSLATE(C84; ""ru""; ""sl"")"	"=GOOGLETRANSLATE(C84; ""ru""; ""et"")"	"=GOOGLETRANSLATE(C84; ""ru""; ""lt"")"
Training	train_go_quiz	Перейти в Квиз	"=GOOGLETRANSLATE(C85; ""ru""; ""uk"")"	"=GOOGLETRANSLATE(C85; ""ru""; ""de"")"	"=GOOGLETRANSLATE(C85; ""ru""; ""es"")"	"=GOOGLETRANSLATE(C85; ""ru""; ""fr"")"	"=GOOGLETRANSLATE(C85; ""ru""; ""pl"")"	"=GOOGLETRANSLATE(C85; ""ru""; ""it"")"	"=GOOGLETRANSLATE(C85; ""ru""; ""tr"")"	"=GOOGLETRANSLATE(C85; ""ru""; ""pt"")"	"=GOOGLETRANSLATE(C85; ""ru""; ""ro"")"	"=GOOGLETRANSLATE(C85; ""ru""; ""bg"")"	"=GOOGLETRANSLATE(C85; ""ru""; ""cs"")"	"=GOOGLETRANSLATE(C85; ""ru""; ""sk"")"	"=GOOGLETRANSLATE(C85; ""ru""; ""hu"")"	"=GOOGLETRANSLATE(C85; ""ru""; ""el"")"	"=GOOGLETRANSLATE(C85; ""ru""; ""sl"")"	"=GOOGLETRANSLATE(C85; ""ru""; ""et"")"	"=GOOGLETRANSLATE(C85; ""ru""; ""lt"")"
Training	train_go_pairs	Перейти в Пары	"=GOOGLETRANSLATE(C86; ""ru""; ""uk"")"	"=GOOGLETRANSLATE(C86; ""ru""; ""de"")"	"=GOOGLETRANSLATE(C86; ""ru""; ""es"")"	"=GOOGLETRANSLATE(C86; ""ru""; ""fr"")"	"=GOOGLETRANSLATE(C86; ""ru""; ""pl"")"	"=GOOGLETRANSLATE(C86; ""ru""; ""it"")"	"=GOOGLETRANSLATE(C86; ""ru""; ""tr"")"	"=GOOGLETRANSLATE(C86; ""ru""; ""pt"")"	"=GOOGLETRANSLATE(C86; ""ru""; ""ro"")"	"=GOOGLETRANSLATE(C86; ""ru""; ""bg"")"	"=GOOGLETRANSLATE(C86; ""ru""; ""cs"")"	"=GOOGLETRANSLATE(C86; ""ru""; ""sk"")"	"=GOOGLETRANSLATE(C86; ""ru""; ""hu"")"	"=GOOGLETRANSLATE(C86; ""ru""; ""el"")"	"=GOOGLETRANSLATE(C86; ""ru""; ""sl"")"	"=GOOGLETRANSLATE(C86; ""ru""; ""et"")"	"=GOOGLETRANSLATE(C86; ""ru""; ""lt"")"
Training	train_go_test	Перейти в Тест	"=GOOGLETRANSLATE(C87; ""ru""; ""uk"")"	"=GOOGLETRANSLATE(C87; ""ru""; ""de"")"	"=GOOGLETRANSLATE(C87; ""ru""; ""es"")"	"=GOOGLETRANSLATE(C87; ""ru""; ""fr"")"	"=GOOGLETRANSLATE(C87; ""ru""; ""pl"")"	"=GOOGLETRANSLATE(C87; ""ru""; ""it"")"	"=GOOGLETRANSLATE(C87; ""ru""; ""tr"")"	"=GOOGLETRANSLATE(C87; ""ru""; ""pt"")"	"=GOOGLETRANSLATE(C87; ""ru""; ""ro"")"	"=GOOGLETRANSLATE(C87; ""ru""; ""bg"")"	"=GOOGLETRANSLATE(C87; ""ru""; ""cs"")"	"=GOOGLETRANSLATE(C87; ""ru""; ""sk"")"	"=GOOGLETRANSLATE(C87; ""ru""; ""hu"")"	"=GOOGLETRANSLATE(C87; ""ru""; ""el"")"	"=GOOGLETRANSLATE(C87; ""ru""; ""sl"")"	"=GOOGLETRANSLATE(C87; ""ru""; ""et"")"	"=GOOGLETRANSLATE(C87; ""ru""; ""lt"")"
Training	train_input_placeholder	Введите слово по-английски...	"=GOOGLETRANSLATE(C88; ""ru""; ""uk"")"	"=GOOGLETRANSLATE(C88; ""ru""; ""de"")"	"=GOOGLETRANSLATE(C88; ""ru""; ""es"")"	"=GOOGLETRANSLATE(C88; ""ru""; ""fr"")"	"=GOOGLETRANSLATE(C88; ""ru""; ""pl"")"	"=GOOGLETRANSLATE(C88; ""ru""; ""it"")"	"=GOOGLETRANSLATE(C88; ""ru""; ""tr"")"	"=GOOGLETRANSLATE(C88; ""ru""; ""pt"")"	"=GOOGLETRANSLATE(C88; ""ru""; ""ro"")"	"=GOOGLETRANSLATE(C88; ""ru""; ""bg"")"	"=GOOGLETRANSLATE(C88; ""ru""; ""cs"")"	"=GOOGLETRANSLATE(C88; ""ru""; ""sk"")"	"=GOOGLETRANSLATE(C88; ""ru""; ""hu"")"	"=GOOGLETRANSLATE(C88; ""ru""; ""el"")"	"=GOOGLETRANSLATE(C88; ""ru""; ""sl"")"	"=GOOGLETRANSLATE(C88; ""ru""; ""et"")"	"=GOOGLETRANSLATE(C88; ""ru""; ""lt"")"
Training	train_input_hint	Подсказка	"=GOOGLETRANSLATE(C89; ""ru""; ""uk"")"	"=GOOGLETRANSLATE(C89; ""ru""; ""de"")"	"=GOOGLETRANSLATE(C89; ""ru""; ""es"")"	"=GOOGLETRANSLATE(C89; ""ru""; ""fr"")"	"=GOOGLETRANSLATE(C89; ""ru""; ""pl"")"	"=GOOGLETRANSLATE(C89; ""ru""; ""it"")"	"=GOOGLETRANSLATE(C89; ""ru""; ""tr"")"	"=GOOGLETRANSLATE(C89; ""ru""; ""pt"")"	"=GOOGLETRANSLATE(C89; ""ru""; ""ro"")"	"=GOOGLETRANSLATE(C89; ""ru""; ""bg"")"	"=GOOGLETRANSLATE(C89; ""ru""; ""cs"")"	"=GOOGLETRANSLATE(C89; ""ru""; ""sk"")"	"=GOOGLETRANSLATE(C89; ""ru""; ""hu"")"	"=GOOGLETRANSLATE(C89; ""ru""; ""el"")"	"=GOOGLETRANSLATE(C89; ""ru""; ""sl"")"	"=GOOGLETRANSLATE(C89; ""ru""; ""et"")"	"=GOOGLETRANSLATE(C89; ""ru""; ""lt"")"
Training	train_correct_answer	Правильно!	"=GOOGLETRANSLATE(C90; ""ru""; ""uk"")"	"=GOOGLETRANSLATE(C90; ""ru""; ""de"")"	"=GOOGLETRANSLATE(C90; ""ru""; ""es"")"	"=GOOGLETRANSLATE(C90; ""ru""; ""fr"")"	"=GOOGLETRANSLATE(C90; ""ru""; ""pl"")"	"=GOOGLETRANSLATE(C90; ""ru""; ""it"")"	"=GOOGLETRANSLATE(C90; ""ru""; ""tr"")"	"=GOOGLETRANSLATE(C90; ""ru""; ""pt"")"	"=GOOGLETRANSLATE(C90; ""ru""; ""ro"")"	"=GOOGLETRANSLATE(C90; ""ru""; ""bg"")"	"=GOOGLETRANSLATE(C90; ""ru""; ""cs"")"	"=GOOGLETRANSLATE(C90; ""ru""; ""sk"")"	"=GOOGLETRANSLATE(C90; ""ru""; ""hu"")"	"=GOOGLETRANSLATE(C90; ""ru""; ""el"")"	"=GOOGLETRANSLATE(C90; ""ru""; ""sl"")"	"=GOOGLETRANSLATE(C90; ""ru""; ""et"")"	"=GOOGLETRANSLATE(C90; ""ru""; ""lt"")"
Training	train_incorrect_answer	Неверно. Правильный ответ:	"=GOOGLETRANSLATE(C91; ""ru""; ""uk"")"	"=GOOGLETRANSLATE(C91; ""ru""; ""de"")"	"=GOOGLETRANSLATE(C91; ""ru""; ""es"")"	"=GOOGLETRANSLATE(C91; ""ru""; ""fr"")"	"=GOOGLETRANSLATE(C91; ""ru""; ""pl"")"	"=GOOGLETRANSLATE(C91; ""ru""; ""it"")"	"=GOOGLETRANSLATE(C91; ""ru""; ""tr"")"	"=GOOGLETRANSLATE(C91; ""ru""; ""pt"")"	"=GOOGLETRANSLATE(C91; ""ru""; ""ro"")"	"=GOOGLETRANSLATE(C91; ""ru""; ""bg"")"	"=GOOGLETRANSLATE(C91; ""ru""; ""cs"")"	"=GOOGLETRANSLATE(C91; ""ru""; ""sk"")"	"=GOOGLETRANSLATE(C91; ""ru""; ""hu"")"	"=GOOGLETRANSLATE(C91; ""ru""; ""el"")"	"=GOOGLETRANSLATE(C91; ""ru""; ""sl"")"	"=GOOGLETRANSLATE(C91; ""ru""; ""et"")"	"=GOOGLETRANSLATE(C91; ""ru""; ""lt"")"
Settings	settings_title	⚙️ Настройки	"=GOOGLETRANSLATE(C92; ""ru""; ""uk"")"	"=GOOGLETRANSLATE(C92; ""ru""; ""de"")"	"=GOOGLETRANSLATE(C92; ""ru""; ""es"")"	"=GOOGLETRANSLATE(C92; ""ru""; ""fr"")"	"=GOOGLETRANSLATE(C92; ""ru""; ""pl"")"	"=GOOGLETRANSLATE(C92; ""ru""; ""it"")"	"=GOOGLETRANSLATE(C92; ""ru""; ""tr"")"	"=GOOGLETRANSLATE(C92; ""ru""; ""pt"")"	"=GOOGLETRANSLATE(C92; ""ru""; ""ro"")"	"=GOOGLETRANSLATE(C92; ""ru""; ""bg"")"	"=GOOGLETRANSLATE(C92; ""ru""; ""cs"")"	"=GOOGLETRANSLATE(C92; ""ru""; ""sk"")"	"=GOOGLETRANSLATE(C92; ""ru""; ""hu"")"	"=GOOGLETRANSLATE(C92; ""ru""; ""el"")"	"=GOOGLETRANSLATE(C92; ""ru""; ""sl"")"	"=GOOGLETRANSLATE(C92; ""ru""; ""et"")"	"=GOOGLETRANSLATE(C92; ""ru""; ""lt"")"
Settings	settings_profile	Профиль пользователя	"=GOOGLETRANSLATE(C93; ""ru""; ""uk"")"	"=GOOGLETRANSLATE(C93; ""ru""; ""de"")"	"=GOOGLETRANSLATE(C93; ""ru""; ""es"")"	"=GOOGLETRANSLATE(C93; ""ru""; ""fr"")"	"=GOOGLETRANSLATE(C93; ""ru""; ""pl"")"	"=GOOGLETRANSLATE(C93; ""ru""; ""it"")"	"=GOOGLETRANSLATE(C93; ""ru""; ""tr"")"	"=GOOGLETRANSLATE(C93; ""ru""; ""pt"")"	"=GOOGLETRANSLATE(C93; ""ru""; ""ro"")"	"=GOOGLETRANSLATE(C93; ""ru""; ""bg"")"	"=GOOGLETRANSLATE(C93; ""ru""; ""cs"")"	"=GOOGLETRANSLATE(C93; ""ru""; ""sk"")"	"=GOOGLETRANSLATE(C93; ""ru""; ""hu"")"	"=GOOGLETRANSLATE(C93; ""ru""; ""el"")"	"=GOOGLETRANSLATE(C93; ""ru""; ""sl"")"	"=GOOGLETRANSLATE(C93; ""ru""; ""et"")"	"=GOOGLETRANSLATE(C93; ""ru""; ""lt"")"
Settings	settings_logout	Выйти	"=GOOGLETRANSLATE(C94; ""ru""; ""uk"")"	"=GOOGLETRANSLATE(C94; ""ru""; ""de"")"	"=GOOGLETRANSLATE(C94; ""ru""; ""es"")"	"=GOOGLETRANSLATE(C94; ""ru""; ""fr"")"	"=GOOGLETRANSLATE(C94; ""ru""; ""pl"")"	"=GOOGLETRANSLATE(C94; ""ru""; ""it"")"	"=GOOGLETRANSLATE(C94; ""ru""; ""tr"")"	"=GOOGLETRANSLATE(C94; ""ru""; ""pt"")"	"=GOOGLETRANSLATE(C94; ""ru""; ""ro"")"	"=GOOGLETRANSLATE(C94; ""ru""; ""bg"")"	"=GOOGLETRANSLATE(C94; ""ru""; ""cs"")"	"=GOOGLETRANSLATE(C94; ""ru""; ""sk"")"	"=GOOGLETRANSLATE(C94; ""ru""; ""hu"")"	"=GOOGLETRANSLATE(C94; ""ru""; ""el"")"	"=GOOGLETRANSLATE(C94; ""ru""; ""sl"")"	"=GOOGLETRANSLATE(C94; ""ru""; ""et"")"	"=GOOGLETRANSLATE(C94; ""ru""; ""lt"")"
Settings	settings_login	Войти	"=GOOGLETRANSLATE(C95; ""ru""; ""uk"")"	"=GOOGLETRANSLATE(C95; ""ru""; ""de"")"	"=GOOGLETRANSLATE(C95; ""ru""; ""es"")"	"=GOOGLETRANSLATE(C95; ""ru""; ""fr"")"	"=GOOGLETRANSLATE(C95; ""ru""; ""pl"")"	"=GOOGLETRANSLATE(C95; ""ru""; ""it"")"	"=GOOGLETRANSLATE(C95; ""ru""; ""tr"")"	"=GOOGLETRANSLATE(C95; ""ru""; ""pt"")"	"=GOOGLETRANSLATE(C95; ""ru""; ""ro"")"	"=GOOGLETRANSLATE(C95; ""ru""; ""bg"")"	"=GOOGLETRANSLATE(C95; ""ru""; ""cs"")"	"=GOOGLETRANSLATE(C95; ""ru""; ""sk"")"	"=GOOGLETRANSLATE(C95; ""ru""; ""hu"")"	"=GOOGLETRANSLATE(C95; ""ru""; ""el"")"	"=GOOGLETRANSLATE(C95; ""ru""; ""sl"")"	"=GOOGLETRANSLATE(C95; ""ru""; ""et"")"	"=GOOGLETRANSLATE(C95; ""ru""; ""lt"")"
Settings	settings_login_sub	Войдите, чтобы синхронизировать прогресс	"=GOOGLETRANSLATE(C96; ""ru""; ""uk"")"	"=GOOGLETRANSLATE(C96; ""ru""; ""de"")"	"=GOOGLETRANSLATE(C96; ""ru""; ""es"")"	"=GOOGLETRANSLATE(C96; ""ru""; ""fr"")"	"=GOOGLETRANSLATE(C96; ""ru""; ""pl"")"	"=GOOGLETRANSLATE(C96; ""ru""; ""it"")"	"=GOOGLETRANSLATE(C96; ""ru""; ""tr"")"	"=GOOGLETRANSLATE(C96; ""ru""; ""pt"")"	"=GOOGLETRANSLATE(C96; ""ru""; ""ro"")"	"=GOOGLETRANSLATE(C96; ""ru""; ""bg"")"	"=GOOGLETRANSLATE(C96; ""ru""; ""cs"")"	"=GOOGLETRANSLATE(C96; ""ru""; ""sk"")"	"=GOOGLETRANSLATE(C96; ""ru""; ""hu"")"	"=GOOGLETRANSLATE(C96; ""ru""; ""el"")"	"=GOOGLETRANSLATE(C96; ""ru""; ""sl"")"	"=GOOGLETRANSLATE(C96; ""ru""; ""et"")"	"=GOOGLETRANSLATE(C96; ""ru""; ""lt"")"
Settings	settings_theme	🎨 Тема оформления	"=GOOGLETRANSLATE(C97; ""ru""; ""uk"")"	"=GOOGLETRANSLATE(C97; ""ru""; ""de"")"	"=GOOGLETRANSLATE(C97; ""ru""; ""es"")"	"=GOOGLETRANSLATE(C97; ""ru""; ""fr"")"	"=GOOGLETRANSLATE(C97; ""ru""; ""pl"")"	"=GOOGLETRANSLATE(C97; ""ru""; ""it"")"	"=GOOGLETRANSLATE(C97; ""ru""; ""tr"")"	"=GOOGLETRANSLATE(C97; ""ru""; ""pt"")"	"=GOOGLETRANSLATE(C97; ""ru""; ""ro"")"	"=GOOGLETRANSLATE(C97; ""ru""; ""bg"")"	"=GOOGLETRANSLATE(C97; ""ru""; ""cs"")"	"=GOOGLETRANSLATE(C97; ""ru""; ""sk"")"	"=GOOGLETRANSLATE(C97; ""ru""; ""hu"")"	"=GOOGLETRANSLATE(C97; ""ru""; ""el"")"	"=GOOGLETRANSLATE(C97; ""ru""; ""sl"")"	"=GOOGLETRANSLATE(C97; ""ru""; ""et"")"	"=GOOGLETRANSLATE(C97; ""ru""; ""lt"")"
Settings	settings_theme_light	Светлая	"=GOOGLETRANSLATE(C98; ""ru""; ""uk"")"	"=GOOGLETRANSLATE(C98; ""ru""; ""de"")"	"=GOOGLETRANSLATE(C98; ""ru""; ""es"")"	"=GOOGLETRANSLATE(C98; ""ru""; ""fr"")"	"=GOOGLETRANSLATE(C98; ""ru""; ""pl"")"	"=GOOGLETRANSLATE(C98; ""ru""; ""it"")"	"=GOOGLETRANSLATE(C98; ""ru""; ""tr"")"	"=GOOGLETRANSLATE(C98; ""ru""; ""pt"")"	"=GOOGLETRANSLATE(C98; ""ru""; ""ro"")"	"=GOOGLETRANSLATE(C98; ""ru""; ""bg"")"	"=GOOGLETRANSLATE(C98; ""ru""; ""cs"")"	"=GOOGLETRANSLATE(C98; ""ru""; ""sk"")"	"=GOOGLETRANSLATE(C98; ""ru""; ""hu"")"	"=GOOGLETRANSLATE(C98; ""ru""; ""el"")"	"=GOOGLETRANSLATE(C98; ""ru""; ""sl"")"	"=GOOGLETRANSLATE(C98; ""ru""; ""et"")"	"=GOOGLETRANSLATE(C98; ""ru""; ""lt"")"
Settings	settings_theme_dark	Тёмная	"=GOOGLETRANSLATE(C99; ""ru""; ""uk"")"	"=GOOGLETRANSLATE(C99; ""ru""; ""de"")"	"=GOOGLETRANSLATE(C99; ""ru""; ""es"")"	"=GOOGLETRANSLATE(C99; ""ru""; ""fr"")"	"=GOOGLETRANSLATE(C99; ""ru""; ""pl"")"	"=GOOGLETRANSLATE(C99; ""ru""; ""it"")"	"=GOOGLETRANSLATE(C99; ""ru""; ""tr"")"	"=GOOGLETRANSLATE(C99; ""ru""; ""pt"")"	"=GOOGLETRANSLATE(C99; ""ru""; ""ro"")"	"=GOOGLETRANSLATE(C99; ""ru""; ""bg"")"	"=GOOGLETRANSLATE(C99; ""ru""; ""cs"")"	"=GOOGLETRANSLATE(C99; ""ru""; ""sk"")"	"=GOOGLETRANSLATE(C99; ""ru""; ""hu"")"	"=GOOGLETRANSLATE(C99; ""ru""; ""el"")"	"=GOOGLETRANSLATE(C99; ""ru""; ""sl"")"	"=GOOGLETRANSLATE(C99; ""ru""; ""et"")"	"=GOOGLETRANSLATE(C99; ""ru""; ""lt"")"
Settings	settings_theme_notebook	Тетрадь	"=GOOGLETRANSLATE(C100; ""ru""; ""uk"")"	"=GOOGLETRANSLATE(C100; ""ru""; ""de"")"	"=GOOGLETRANSLATE(C100; ""ru""; ""es"")"	"=GOOGLETRANSLATE(C100; ""ru""; ""fr"")"	"=GOOGLETRANSLATE(C100; ""ru""; ""pl"")"	"=GOOGLETRANSLATE(C100; ""ru""; ""it"")"	"=GOOGLETRANSLATE(C100; ""ru""; ""tr"")"	"=GOOGLETRANSLATE(C100; ""ru""; ""pt"")"	"=GOOGLETRANSLATE(C100; ""ru""; ""ro"")"	"=GOOGLETRANSLATE(C100; ""ru""; ""bg"")"	"=GOOGLETRANSLATE(C100; ""ru""; ""cs"")"	"=GOOGLETRANSLATE(C100; ""ru""; ""sk"")"	"=GOOGLETRANSLATE(C100; ""ru""; ""hu"")"	"=GOOGLETRANSLATE(C100; ""ru""; ""el"")"	"=GOOGLETRANSLATE(C100; ""ru""; ""sl"")"	"=GOOGLETRANSLATE(C100; ""ru""; ""et"")"	"=GOOGLETRANSLATE(C100; ""ru""; ""lt"")"
Settings	settings_sfx	✨ Звуковые эффекты	"=GOOGLETRANSLATE(C101; ""ru""; ""uk"")"	"=GOOGLETRANSLATE(C101; ""ru""; ""de"")"	"=GOOGLETRANSLATE(C101; ""ru""; ""es"")"	"=GOOGLETRANSLATE(C101; ""ru""; ""fr"")"	"=GOOGLETRANSLATE(C101; ""ru""; ""pl"")"	"=GOOGLETRANSLATE(C101; ""ru""; ""it"")"	"=GOOGLETRANSLATE(C101; ""ru""; ""tr"")"	"=GOOGLETRANSLATE(C101; ""ru""; ""pt"")"	"=GOOGLETRANSLATE(C101; ""ru""; ""ro"")"	"=GOOGLETRANSLATE(C101; ""ru""; ""bg"")"	"=GOOGLETRANSLATE(C101; ""ru""; ""cs"")"	"=GOOGLETRANSLATE(C101; ""ru""; ""sk"")"	"=GOOGLETRANSLATE(C101; ""ru""; ""hu"")"	"=GOOGLETRANSLATE(C101; ""ru""; ""el"")"	"=GOOGLETRANSLATE(C101; ""ru""; ""sl"")"	"=GOOGLETRANSLATE(C101; ""ru""; ""et"")"	"=GOOGLETRANSLATE(C101; ""ru""; ""lt"")"
Settings	settings_sfx_on	🔔 Включены	"=GOOGLETRANSLATE(C102; ""ru""; ""uk"")"	"=GOOGLETRANSLATE(C102; ""ru""; ""de"")"	"=GOOGLETRANSLATE(C102; ""ru""; ""es"")"	"=GOOGLETRANSLATE(C102; ""ru""; ""fr"")"	"=GOOGLETRANSLATE(C102; ""ru""; ""pl"")"	"=GOOGLETRANSLATE(C102; ""ru""; ""it"")"	"=GOOGLETRANSLATE(C102; ""ru""; ""tr"")"	"=GOOGLETRANSLATE(C102; ""ru""; ""pt"")"	"=GOOGLETRANSLATE(C102; ""ru""; ""ro"")"	"=GOOGLETRANSLATE(C102; ""ru""; ""bg"")"	"=GOOGLETRANSLATE(C102; ""ru""; ""cs"")"	"=GOOGLETRANSLATE(C102; ""ru""; ""sk"")"	"=GOOGLETRANSLATE(C102; ""ru""; ""hu"")"	"=GOOGLETRANSLATE(C102; ""ru""; ""el"")"	"=GOOGLETRANSLATE(C102; ""ru""; ""sl"")"	"=GOOGLETRANSLATE(C102; ""ru""; ""et"")"	"=GOOGLETRANSLATE(C102; ""ru""; ""lt"")"
Settings	settings_sfx_off	🔕 Выключены	"=GOOGLETRANSLATE(C103; ""ru""; ""uk"")"	"=GOOGLETRANSLATE(C103; ""ru""; ""de"")"	"=GOOGLETRANSLATE(C103; ""ru""; ""es"")"	"=GOOGLETRANSLATE(C103; ""ru""; ""fr"")"	"=GOOGLETRANSLATE(C103; ""ru""; ""pl"")"	"=GOOGLETRANSLATE(C103; ""ru""; ""it"")"	"=GOOGLETRANSLATE(C103; ""ru""; ""tr"")"	"=GOOGLETRANSLATE(C103; ""ru""; ""pt"")"	"=GOOGLETRANSLATE(C103; ""ru""; ""ro"")"	"=GOOGLETRANSLATE(C103; ""ru""; ""bg"")"	"=GOOGLETRANSLATE(C103; ""ru""; ""cs"")"	"=GOOGLETRANSLATE(C103; ""ru""; ""sk"")"	"=GOOGLETRANSLATE(C103; ""ru""; ""hu"")"	"=GOOGLETRANSLATE(C103; ""ru""; ""el"")"	"=GOOGLETRANSLATE(C103; ""ru""; ""sl"")"	"=GOOGLETRANSLATE(C103; ""ru""; ""et"")"	"=GOOGLETRANSLATE(C103; ""ru""; ""lt"")"
Settings	settings_voice	Акцент озвучки	"=GOOGLETRANSLATE(C104; ""ru""; ""uk"")"	"=GOOGLETRANSLATE(C104; ""ru""; ""de"")"	"=GOOGLETRANSLATE(C104; ""ru""; ""es"")"	"=GOOGLETRANSLATE(C104; ""ru""; ""fr"")"	"=GOOGLETRANSLATE(C104; ""ru""; ""pl"")"	"=GOOGLETRANSLATE(C104; ""ru""; ""it"")"	"=GOOGLETRANSLATE(C104; ""ru""; ""tr"")"	"=GOOGLETRANSLATE(C104; ""ru""; ""pt"")"	"=GOOGLETRANSLATE(C104; ""ru""; ""ro"")"	"=GOOGLETRANSLATE(C104; ""ru""; ""bg"")"	"=GOOGLETRANSLATE(C104; ""ru""; ""cs"")"	"=GOOGLETRANSLATE(C104; ""ru""; ""sk"")"	"=GOOGLETRANSLATE(C104; ""ru""; ""hu"")"	"=GOOGLETRANSLATE(C104; ""ru""; ""el"")"	"=GOOGLETRANSLATE(C104; ""ru""; ""sl"")"	"=GOOGLETRANSLATE(C104; ""ru""; ""et"")"	"=GOOGLETRANSLATE(C104; ""ru""; ""lt"")"
Settings	settings_voice_uk	Британский (UK)	"=GOOGLETRANSLATE(C105; ""ru""; ""uk"")"	"=GOOGLETRANSLATE(C105; ""ru""; ""de"")"	"=GOOGLETRANSLATE(C105; ""ru""; ""es"")"	"=GOOGLETRANSLATE(C105; ""ru""; ""fr"")"	"=GOOGLETRANSLATE(C105; ""ru""; ""pl"")"	"=GOOGLETRANSLATE(C105; ""ru""; ""it"")"	"=GOOGLETRANSLATE(C105; ""ru""; ""tr"")"	"=GOOGLETRANSLATE(C105; ""ru""; ""pt"")"	"=GOOGLETRANSLATE(C105; ""ru""; ""ro"")"	"=GOOGLETRANSLATE(C105; ""ru""; ""bg"")"	"=GOOGLETRANSLATE(C105; ""ru""; ""cs"")"	"=GOOGLETRANSLATE(C105; ""ru""; ""sk"")"	"=GOOGLETRANSLATE(C105; ""ru""; ""hu"")"	"=GOOGLETRANSLATE(C105; ""ru""; ""el"")"	"=GOOGLETRANSLATE(C105; ""ru""; ""sl"")"	"=GOOGLETRANSLATE(C105; ""ru""; ""et"")"	"=GOOGLETRANSLATE(C105; ""ru""; ""lt"")"
Settings	settings_voice_us	Американский (US)	"=GOOGLETRANSLATE(C106; ""ru""; ""uk"")"	"=GOOGLETRANSLATE(C106; ""ru""; ""de"")"	"=GOOGLETRANSLATE(C106; ""ru""; ""es"")"	"=GOOGLETRANSLATE(C106; ""ru""; ""fr"")"	"=GOOGLETRANSLATE(C106; ""ru""; ""pl"")"	"=GOOGLETRANSLATE(C106; ""ru""; ""it"")"	"=GOOGLETRANSLATE(C106; ""ru""; ""tr"")"	"=GOOGLETRANSLATE(C106; ""ru""; ""pt"")"	"=GOOGLETRANSLATE(C106; ""ru""; ""ro"")"	"=GOOGLETRANSLATE(C106; ""ru""; ""bg"")"	"=GOOGLETRANSLATE(C106; ""ru""; ""cs"")"	"=GOOGLETRANSLATE(C106; ""ru""; ""sk"")"	"=GOOGLETRANSLATE(C106; ""ru""; ""hu"")"	"=GOOGLETRANSLATE(C106; ""ru""; ""el"")"	"=GOOGLETRANSLATE(C106; ""ru""; ""sl"")"	"=GOOGLETRANSLATE(C106; ""ru""; ""et"")"	"=GOOGLETRANSLATE(C106; ""ru""; ""lt"")"
Settings	settings_goal	📌 Дневная цель	"=GOOGLETRANSLATE(C107; ""ru""; ""uk"")"	"=GOOGLETRANSLATE(C107; ""ru""; ""de"")"	"=GOOGLETRANSLATE(C107; ""ru""; ""es"")"	"=GOOGLETRANSLATE(C107; ""ru""; ""fr"")"	"=GOOGLETRANSLATE(C107; ""ru""; ""pl"")"	"=GOOGLETRANSLATE(C107; ""ru""; ""it"")"	"=GOOGLETRANSLATE(C107; ""ru""; ""tr"")"	"=GOOGLETRANSLATE(C107; ""ru""; ""pt"")"	"=GOOGLETRANSLATE(C107; ""ru""; ""ro"")"	"=GOOGLETRANSLATE(C107; ""ru""; ""bg"")"	"=GOOGLETRANSLATE(C107; ""ru""; ""cs"")"	"=GOOGLETRANSLATE(C107; ""ru""; ""sk"")"	"=GOOGLETRANSLATE(C107; ""ru""; ""hu"")"	"=GOOGLETRANSLATE(C107; ""ru""; ""el"")"	"=GOOGLETRANSLATE(C107; ""ru""; ""sl"")"	"=GOOGLETRANSLATE(C107; ""ru""; ""et"")"	"=GOOGLETRANSLATE(C107; ""ru""; ""lt"")"
Settings	settings_lang	🌐 Язык интерфейса	"=GOOGLETRANSLATE(C108; ""ru""; ""uk"")"	"=GOOGLETRANSLATE(C108; ""ru""; ""de"")"	"=GOOGLETRANSLATE(C108; ""ru""; ""es"")"	"=GOOGLETRANSLATE(C108; ""ru""; ""fr"")"	"=GOOGLETRANSLATE(C108; ""ru""; ""pl"")"	"=GOOGLETRANSLATE(C108; ""ru""; ""it"")"	"=GOOGLETRANSLATE(C108; ""ru""; ""tr"")"	"=GOOGLETRANSLATE(C108; ""ru""; ""pt"")"	"=GOOGLETRANSLATE(C108; ""ru""; ""ro"")"	"=GOOGLETRANSLATE(C108; ""ru""; ""bg"")"	"=GOOGLETRANSLATE(C108; ""ru""; ""cs"")"	"=GOOGLETRANSLATE(C108; ""ru""; ""sk"")"	"=GOOGLETRANSLATE(C108; ""ru""; ""hu"")"	"=GOOGLETRANSLATE(C108; ""ru""; ""el"")"	"=GOOGLETRANSLATE(C108; ""ru""; ""sl"")"	"=GOOGLETRANSLATE(C108; ""ru""; ""et"")"	"=GOOGLETRANSLATE(C108; ""ru""; ""lt"")"
Settings	settings_sync_btn	Синхронизация с сервером	"=GOOGLETRANSLATE(C109; ""ru""; ""uk"")"	"=GOOGLETRANSLATE(C109; ""ru""; ""de"")"	"=GOOGLETRANSLATE(C109; ""ru""; ""es"")"	"=GOOGLETRANSLATE(C109; ""ru""; ""fr"")"	"=GOOGLETRANSLATE(C109; ""ru""; ""pl"")"	"=GOOGLETRANSLATE(C109; ""ru""; ""it"")"	"=GOOGLETRANSLATE(C109; ""ru""; ""tr"")"	"=GOOGLETRANSLATE(C109; ""ru""; ""pt"")"	"=GOOGLETRANSLATE(C109; ""ru""; ""ro"")"	"=GOOGLETRANSLATE(C109; ""ru""; ""bg"")"	"=GOOGLETRANSLATE(C109; ""ru""; ""cs"")"	"=GOOGLETRANSLATE(C109; ""ru""; ""sk"")"	"=GOOGLETRANSLATE(C109; ""ru""; ""hu"")"	"=GOOGLETRANSLATE(C109; ""ru""; ""el"")"	"=GOOGLETRANSLATE(C109; ""ru""; ""sl"")"	"=GOOGLETRANSLATE(C109; ""ru""; ""et"")"	"=GOOGLETRANSLATE(C109; ""ru""; ""lt"")"
Settings	settings_sync_confirm	Вы уверены, что хотите синхронизировать данные с сервером и перезагрузить?	"=GOOGLETRANSLATE(C110; ""ru""; ""uk"")"	"=GOOGLETRANSLATE(C110; ""ru""; ""de"")"	"=GOOGLETRANSLATE(C110; ""ru""; ""es"")"	"=GOOGLETRANSLATE(C110; ""ru""; ""fr"")"	"=GOOGLETRANSLATE(C110; ""ru""; ""pl"")"	"=GOOGLETRANSLATE(C110; ""ru""; ""it"")"	"=GOOGLETRANSLATE(C110; ""ru""; ""tr"")"	"=GOOGLETRANSLATE(C110; ""ru""; ""pt"")"	"=GOOGLETRANSLATE(C110; ""ru""; ""ro"")"	"=GOOGLETRANSLATE(C110; ""ru""; ""bg"")"	"=GOOGLETRANSLATE(C110; ""ru""; ""cs"")"	"=GOOGLETRANSLATE(C110; ""ru""; ""sk"")"	"=GOOGLETRANSLATE(C110; ""ru""; ""hu"")"	"=GOOGLETRANSLATE(C110; ""ru""; ""el"")"	"=GOOGLETRANSLATE(C110; ""ru""; ""sl"")"	"=GOOGLETRANSLATE(C110; ""ru""; ""et"")"	"=GOOGLETRANSLATE(C110; ""ru""; ""lt"")"
Settings	settings_cache_cleared	✓ Кэш успешно очищен!	"=GOOGLETRANSLATE(C111; ""ru""; ""uk"")"	"=GOOGLETRANSLATE(C111; ""ru""; ""de"")"	"=GOOGLETRANSLATE(C111; ""ru""; ""es"")"	"=GOOGLETRANSLATE(C111; ""ru""; ""fr"")"	"=GOOGLETRANSLATE(C111; ""ru""; ""pl"")"	"=GOOGLETRANSLATE(C111; ""ru""; ""it"")"	"=GOOGLETRANSLATE(C111; ""ru""; ""tr"")"	"=GOOGLETRANSLATE(C111; ""ru""; ""pt"")"	"=GOOGLETRANSLATE(C111; ""ru""; ""ro"")"	"=GOOGLETRANSLATE(C111; ""ru""; ""bg"")"	"=GOOGLETRANSLATE(C111; ""ru""; ""cs"")"	"=GOOGLETRANSLATE(C111; ""ru""; ""sk"")"	"=GOOGLETRANSLATE(C111; ""ru""; ""hu"")"	"=GOOGLETRANSLATE(C111; ""ru""; ""el"")"	"=GOOGLETRANSLATE(C111; ""ru""; ""sl"")"	"=GOOGLETRANSLATE(C111; ""ru""; ""et"")"	"=GOOGLETRANSLATE(C111; ""ru""; ""lt"")"
Settings	settings_avatar_choose	Выбрать аватарку	"=GOOGLETRANSLATE(C112; ""ru""; ""uk"")"	"=GOOGLETRANSLATE(C112; ""ru""; ""de"")"	"=GOOGLETRANSLATE(C112; ""ru""; ""es"")"	"=GOOGLETRANSLATE(C112; ""ru""; ""fr"")"	"=GOOGLETRANSLATE(C112; ""ru""; ""pl"")"	"=GOOGLETRANSLATE(C112; ""ru""; ""it"")"	"=GOOGLETRANSLATE(C112; ""ru""; ""tr"")"	"=GOOGLETRANSLATE(C112; ""ru""; ""pt"")"	"=GOOGLETRANSLATE(C112; ""ru""; ""ro"")"	"=GOOGLETRANSLATE(C112; ""ru""; ""bg"")"	"=GOOGLETRANSLATE(C112; ""ru""; ""cs"")"	"=GOOGLETRANSLATE(C112; ""ru""; ""sk"")"	"=GOOGLETRANSLATE(C112; ""ru""; ""hu"")"	"=GOOGLETRANSLATE(C112; ""ru""; ""el"")"	"=GOOGLETRANSLATE(C112; ""ru""; ""sl"")"	"=GOOGLETRANSLATE(C112; ""ru""; ""et"")"	"=GOOGLETRANSLATE(C112; ""ru""; ""lt"")"
Avatar	avatar_choose_title	🎭 Выберите персонажа	"=GOOGLETRANSLATE(C113; ""ru""; ""uk"")"	"=GOOGLETRANSLATE(C113; ""ru""; ""de"")"	"=GOOGLETRANSLATE(C113; ""ru""; ""es"")"	"=GOOGLETRANSLATE(C113; ""ru""; ""fr"")"	"=GOOGLETRANSLATE(C113; ""ru""; ""pl"")"	"=GOOGLETRANSLATE(C113; ""ru""; ""it"")"	"=GOOGLETRANSLATE(C113; ""ru""; ""tr"")"	"=GOOGLETRANSLATE(C113; ""ru""; ""pt"")"	"=GOOGLETRANSLATE(C113; ""ru""; ""ro"")"	"=GOOGLETRANSLATE(C113; ""ru""; ""bg"")"	"=GOOGLETRANSLATE(C113; ""ru""; ""cs"")"	"=GOOGLETRANSLATE(C113; ""ru""; ""sk"")"	"=GOOGLETRANSLATE(C113; ""ru""; ""hu"")"	"=GOOGLETRANSLATE(C113; ""ru""; ""el"")"	"=GOOGLETRANSLATE(C113; ""ru""; ""sl"")"	"=GOOGLETRANSLATE(C113; ""ru""; ""et"")"	"=GOOGLETRANSLATE(C113; ""ru""; ""lt"")"
Avatar	avatar_upload_btn	📁 Загрузить своё фото	"=GOOGLETRANSLATE(C114; ""ru""; ""uk"")"	"=GOOGLETRANSLATE(C114; ""ru""; ""de"")"	"=GOOGLETRANSLATE(C114; ""ru""; ""es"")"	"=GOOGLETRANSLATE(C114; ""ru""; ""fr"")"	"=GOOGLETRANSLATE(C114; ""ru""; ""pl"")"	"=GOOGLETRANSLATE(C114; ""ru""; ""it"")"	"=GOOGLETRANSLATE(C114; ""ru""; ""tr"")"	"=GOOGLETRANSLATE(C114; ""ru""; ""pt"")"	"=GOOGLETRANSLATE(C114; ""ru""; ""ro"")"	"=GOOGLETRANSLATE(C114; ""ru""; ""bg"")"	"=GOOGLETRANSLATE(C114; ""ru""; ""cs"")"	"=GOOGLETRANSLATE(C114; ""ru""; ""sk"")"	"=GOOGLETRANSLATE(C114; ""ru""; ""hu"")"	"=GOOGLETRANSLATE(C114; ""ru""; ""el"")"	"=GOOGLETRANSLATE(C114; ""ru""; ""sl"")"	"=GOOGLETRANSLATE(C114; ""ru""; ""et"")"	"=GOOGLETRANSLATE(C114; ""ru""; ""lt"")"
Avatar	avatar_reset_btn	✕ Сбросить на стандартный	"=GOOGLETRANSLATE(C115; ""ru""; ""uk"")"	"=GOOGLETRANSLATE(C115; ""ru""; ""de"")"	"=GOOGLETRANSLATE(C115; ""ru""; ""es"")"	"=GOOGLETRANSLATE(C115; ""ru""; ""fr"")"	"=GOOGLETRANSLATE(C115; ""ru""; ""pl"")"	"=GOOGLETRANSLATE(C115; ""ru""; ""it"")"	"=GOOGLETRANSLATE(C115; ""ru""; ""tr"")"	"=GOOGLETRANSLATE(C115; ""ru""; ""pt"")"	"=GOOGLETRANSLATE(C115; ""ru""; ""ro"")"	"=GOOGLETRANSLATE(C115; ""ru""; ""bg"")"	"=GOOGLETRANSLATE(C115; ""ru""; ""cs"")"	"=GOOGLETRANSLATE(C115; ""ru""; ""sk"")"	"=GOOGLETRANSLATE(C115; ""ru""; ""hu"")"	"=GOOGLETRANSLATE(C115; ""ru""; ""el"")"	"=GOOGLETRANSLATE(C115; ""ru""; ""sl"")"	"=GOOGLETRANSLATE(C115; ""ru""; ""et"")"	"=GOOGLETRANSLATE(C115; ""ru""; ""lt"")"
Auth	auth_modal_title	Вход в аккаунт	"=GOOGLETRANSLATE(C116; ""ru""; ""uk"")"	"=GOOGLETRANSLATE(C116; ""ru""; ""de"")"	"=GOOGLETRANSLATE(C116; ""ru""; ""es"")"	"=GOOGLETRANSLATE(C116; ""ru""; ""fr"")"	"=GOOGLETRANSLATE(C116; ""ru""; ""pl"")"	"=GOOGLETRANSLATE(C116; ""ru""; ""it"")"	"=GOOGLETRANSLATE(C116; ""ru""; ""tr"")"	"=GOOGLETRANSLATE(C116; ""ru""; ""pt"")"	"=GOOGLETRANSLATE(C116; ""ru""; ""ro"")"	"=GOOGLETRANSLATE(C116; ""ru""; ""bg"")"	"=GOOGLETRANSLATE(C116; ""ru""; ""cs"")"	"=GOOGLETRANSLATE(C116; ""ru""; ""sk"")"	"=GOOGLETRANSLATE(C116; ""ru""; ""hu"")"	"=GOOGLETRANSLATE(C116; ""ru""; ""el"")"	"=GOOGLETRANSLATE(C116; ""ru""; ""sl"")"	"=GOOGLETRANSLATE(C116; ""ru""; ""et"")"	"=GOOGLETRANSLATE(C116; ""ru""; ""lt"")"
Auth	auth_email_label	Ваш Email:	"=GOOGLETRANSLATE(C117; ""ru""; ""uk"")"	"=GOOGLETRANSLATE(C117; ""ru""; ""de"")"	"=GOOGLETRANSLATE(C117; ""ru""; ""es"")"	"=GOOGLETRANSLATE(C117; ""ru""; ""fr"")"	"=GOOGLETRANSLATE(C117; ""ru""; ""pl"")"	"=GOOGLETRANSLATE(C117; ""ru""; ""it"")"	"=GOOGLETRANSLATE(C117; ""ru""; ""tr"")"	"=GOOGLETRANSLATE(C117; ""ru""; ""pt"")"	"=GOOGLETRANSLATE(C117; ""ru""; ""ro"")"	"=GOOGLETRANSLATE(C117; ""ru""; ""bg"")"	"=GOOGLETRANSLATE(C117; ""ru""; ""cs"")"	"=GOOGLETRANSLATE(C117; ""ru""; ""sk"")"	"=GOOGLETRANSLATE(C117; ""ru""; ""hu"")"	"=GOOGLETRANSLATE(C117; ""ru""; ""el"")"	"=GOOGLETRANSLATE(C117; ""ru""; ""sl"")"	"=GOOGLETRANSLATE(C117; ""ru""; ""et"")"	"=GOOGLETRANSLATE(C117; ""ru""; ""lt"")"
Auth	auth_email_ph	name@example.com	"=GOOGLETRANSLATE(C118; ""ru""; ""uk"")"	"=GOOGLETRANSLATE(C118; ""ru""; ""de"")"	"=GOOGLETRANSLATE(C118; ""ru""; ""es"")"	"=GOOGLETRANSLATE(C118; ""ru""; ""fr"")"	"=GOOGLETRANSLATE(C118; ""ru""; ""pl"")"	"=GOOGLETRANSLATE(C118; ""ru""; ""it"")"	"=GOOGLETRANSLATE(C118; ""ru""; ""tr"")"	"=GOOGLETRANSLATE(C118; ""ru""; ""pt"")"	"=GOOGLETRANSLATE(C118; ""ru""; ""ro"")"	"=GOOGLETRANSLATE(C118; ""ru""; ""bg"")"	"=GOOGLETRANSLATE(C118; ""ru""; ""cs"")"	"=GOOGLETRANSLATE(C118; ""ru""; ""sk"")"	"=GOOGLETRANSLATE(C118; ""ru""; ""hu"")"	"=GOOGLETRANSLATE(C118; ""ru""; ""el"")"	"=GOOGLETRANSLATE(C118; ""ru""; ""sl"")"	"=GOOGLETRANSLATE(C118; ""ru""; ""et"")"	"=GOOGLETRANSLATE(C118; ""ru""; ""lt"")"
Auth	auth_pass_label	Пароль:	"=GOOGLETRANSLATE(C119; ""ru""; ""uk"")"	"=GOOGLETRANSLATE(C119; ""ru""; ""de"")"	"=GOOGLETRANSLATE(C119; ""ru""; ""es"")"	"=GOOGLETRANSLATE(C119; ""ru""; ""fr"")"	"=GOOGLETRANSLATE(C119; ""ru""; ""pl"")"	"=GOOGLETRANSLATE(C119; ""ru""; ""it"")"	"=GOOGLETRANSLATE(C119; ""ru""; ""tr"")"	"=GOOGLETRANSLATE(C119; ""ru""; ""pt"")"	"=GOOGLETRANSLATE(C119; ""ru""; ""ro"")"	"=GOOGLETRANSLATE(C119; ""ru""; ""bg"")"	"=GOOGLETRANSLATE(C119; ""ru""; ""cs"")"	"=GOOGLETRANSLATE(C119; ""ru""; ""sk"")"	"=GOOGLETRANSLATE(C119; ""ru""; ""hu"")"	"=GOOGLETRANSLATE(C119; ""ru""; ""el"")"	"=GOOGLETRANSLATE(C119; ""ru""; ""sl"")"	"=GOOGLETRANSLATE(C119; ""ru""; ""et"")"	"=GOOGLETRANSLATE(C119; ""ru""; ""lt"")"
Auth	auth_pass_ph	Введите пароль	"=GOOGLETRANSLATE(C120; ""ru""; ""uk"")"	"=GOOGLETRANSLATE(C120; ""ru""; ""de"")"	"=GOOGLETRANSLATE(C120; ""ru""; ""es"")"	"=GOOGLETRANSLATE(C120; ""ru""; ""fr"")"	"=GOOGLETRANSLATE(C120; ""ru""; ""pl"")"	"=GOOGLETRANSLATE(C120; ""ru""; ""it"")"	"=GOOGLETRANSLATE(C120; ""ru""; ""tr"")"	"=GOOGLETRANSLATE(C120; ""ru""; ""pt"")"	"=GOOGLETRANSLATE(C120; ""ru""; ""ro"")"	"=GOOGLETRANSLATE(C120; ""ru""; ""bg"")"	"=GOOGLETRANSLATE(C120; ""ru""; ""cs"")"	"=GOOGLETRANSLATE(C120; ""ru""; ""sk"")"	"=GOOGLETRANSLATE(C120; ""ru""; ""hu"")"	"=GOOGLETRANSLATE(C120; ""ru""; ""el"")"	"=GOOGLETRANSLATE(C120; ""ru""; ""sl"")"	"=GOOGLETRANSLATE(C120; ""ru""; ""et"")"	"=GOOGLETRANSLATE(C120; ""ru""; ""lt"")"
Auth	auth_name_label	Ваше имя:	"=GOOGLETRANSLATE(C121; ""ru""; ""uk"")"	"=GOOGLETRANSLATE(C121; ""ru""; ""de"")"	"=GOOGLETRANSLATE(C121; ""ru""; ""es"")"	"=GOOGLETRANSLATE(C121; ""ru""; ""fr"")"	"=GOOGLETRANSLATE(C121; ""ru""; ""pl"")"	"=GOOGLETRANSLATE(C121; ""ru""; ""it"")"	"=GOOGLETRANSLATE(C121; ""ru""; ""tr"")"	"=GOOGLETRANSLATE(C121; ""ru""; ""pt"")"	"=GOOGLETRANSLATE(C121; ""ru""; ""ro"")"	"=GOOGLETRANSLATE(C121; ""ru""; ""bg"")"	"=GOOGLETRANSLATE(C121; ""ru""; ""cs"")"	"=GOOGLETRANSLATE(C121; ""ru""; ""sk"")"	"=GOOGLETRANSLATE(C121; ""ru""; ""hu"")"	"=GOOGLETRANSLATE(C121; ""ru""; ""el"")"	"=GOOGLETRANSLATE(C121; ""ru""; ""sl"")"	"=GOOGLETRANSLATE(C121; ""ru""; ""et"")"	"=GOOGLETRANSLATE(C121; ""ru""; ""lt"")"
Auth	auth_name_ph	Как к вам обращаться	"=GOOGLETRANSLATE(C122; ""ru""; ""uk"")"	"=GOOGLETRANSLATE(C122; ""ru""; ""de"")"	"=GOOGLETRANSLATE(C122; ""ru""; ""es"")"	"=GOOGLETRANSLATE(C122; ""ru""; ""fr"")"	"=GOOGLETRANSLATE(C122; ""ru""; ""pl"")"	"=GOOGLETRANSLATE(C122; ""ru""; ""it"")"	"=GOOGLETRANSLATE(C122; ""ru""; ""tr"")"	"=GOOGLETRANSLATE(C122; ""ru""; ""pt"")"	"=GOOGLETRANSLATE(C122; ""ru""; ""ro"")"	"=GOOGLETRANSLATE(C122; ""ru""; ""bg"")"	"=GOOGLETRANSLATE(C122; ""ru""; ""cs"")"	"=GOOGLETRANSLATE(C122; ""ru""; ""sk"")"	"=GOOGLETRANSLATE(C122; ""ru""; ""hu"")"	"=GOOGLETRANSLATE(C122; ""ru""; ""el"")"	"=GOOGLETRANSLATE(C122; ""ru""; ""sl"")"	"=GOOGLETRANSLATE(C122; ""ru""; ""et"")"	"=GOOGLETRANSLATE(C122; ""ru""; ""lt"")"
Auth	auth_btn_login	Войти	"=GOOGLETRANSLATE(C123; ""ru""; ""uk"")"	"=GOOGLETRANSLATE(C123; ""ru""; ""de"")"	"=GOOGLETRANSLATE(C123; ""ru""; ""es"")"	"=GOOGLETRANSLATE(C123; ""ru""; ""fr"")"	"=GOOGLETRANSLATE(C123; ""ru""; ""pl"")"	"=GOOGLETRANSLATE(C123; ""ru""; ""it"")"	"=GOOGLETRANSLATE(C123; ""ru""; ""tr"")"	"=GOOGLETRANSLATE(C123; ""ru""; ""pt"")"	"=GOOGLETRANSLATE(C123; ""ru""; ""ro"")"	"=GOOGLETRANSLATE(C123; ""ru""; ""bg"")"	"=GOOGLETRANSLATE(C123; ""ru""; ""cs"")"	"=GOOGLETRANSLATE(C123; ""ru""; ""sk"")"	"=GOOGLETRANSLATE(C123; ""ru""; ""hu"")"	"=GOOGLETRANSLATE(C123; ""ru""; ""el"")"	"=GOOGLETRANSLATE(C123; ""ru""; ""sl"")"	"=GOOGLETRANSLATE(C123; ""ru""; ""et"")"	"=GOOGLETRANSLATE(C123; ""ru""; ""lt"")"
Auth	auth_btn_register	Зарегистрироваться	"=GOOGLETRANSLATE(C124; ""ru""; ""uk"")"	"=GOOGLETRANSLATE(C124; ""ru""; ""de"")"	"=GOOGLETRANSLATE(C124; ""ru""; ""es"")"	"=GOOGLETRANSLATE(C124; ""ru""; ""fr"")"	"=GOOGLETRANSLATE(C124; ""ru""; ""pl"")"	"=GOOGLETRANSLATE(C124; ""ru""; ""it"")"	"=GOOGLETRANSLATE(C124; ""ru""; ""tr"")"	"=GOOGLETRANSLATE(C124; ""ru""; ""pt"")"	"=GOOGLETRANSLATE(C124; ""ru""; ""ro"")"	"=GOOGLETRANSLATE(C124; ""ru""; ""bg"")"	"=GOOGLETRANSLATE(C124; ""ru""; ""cs"")"	"=GOOGLETRANSLATE(C124; ""ru""; ""sk"")"	"=GOOGLETRANSLATE(C124; ""ru""; ""hu"")"	"=GOOGLETRANSLATE(C124; ""ru""; ""el"")"	"=GOOGLETRANSLATE(C124; ""ru""; ""sl"")"	"=GOOGLETRANSLATE(C124; ""ru""; ""et"")"	"=GOOGLETRANSLATE(C124; ""ru""; ""lt"")"
Auth	auth_switch_to_reg	Нет аккаунта? Зарегистрироваться	"=GOOGLETRANSLATE(C125; ""ru""; ""uk"")"	"=GOOGLETRANSLATE(C125; ""ru""; ""de"")"	"=GOOGLETRANSLATE(C125; ""ru""; ""es"")"	"=GOOGLETRANSLATE(C125; ""ru""; ""fr"")"	"=GOOGLETRANSLATE(C125; ""ru""; ""pl"")"	"=GOOGLETRANSLATE(C125; ""ru""; ""it"")"	"=GOOGLETRANSLATE(C125; ""ru""; ""tr"")"	"=GOOGLETRANSLATE(C125; ""ru""; ""pt"")"	"=GOOGLETRANSLATE(C125; ""ru""; ""ro"")"	"=GOOGLETRANSLATE(C125; ""ru""; ""bg"")"	"=GOOGLETRANSLATE(C125; ""ru""; ""cs"")"	"=GOOGLETRANSLATE(C125; ""ru""; ""sk"")"	"=GOOGLETRANSLATE(C125; ""ru""; ""hu"")"	"=GOOGLETRANSLATE(C125; ""ru""; ""el"")"	"=GOOGLETRANSLATE(C125; ""ru""; ""sl"")"	"=GOOGLETRANSLATE(C125; ""ru""; ""et"")"	"=GOOGLETRANSLATE(C125; ""ru""; ""lt"")"
Auth	auth_switch_to_login	Уже есть аккаунт? Войти	"=GOOGLETRANSLATE(C126; ""ru""; ""uk"")"	"=GOOGLETRANSLATE(C126; ""ru""; ""de"")"	"=GOOGLETRANSLATE(C126; ""ru""; ""es"")"	"=GOOGLETRANSLATE(C126; ""ru""; ""fr"")"	"=GOOGLETRANSLATE(C126; ""ru""; ""pl"")"	"=GOOGLETRANSLATE(C126; ""ru""; ""it"")"	"=GOOGLETRANSLATE(C126; ""ru""; ""tr"")"	"=GOOGLETRANSLATE(C126; ""ru""; ""pt"")"	"=GOOGLETRANSLATE(C126; ""ru""; ""ro"")"	"=GOOGLETRANSLATE(C126; ""ru""; ""bg"")"	"=GOOGLETRANSLATE(C126; ""ru""; ""cs"")"	"=GOOGLETRANSLATE(C126; ""ru""; ""sk"")"	"=GOOGLETRANSLATE(C126; ""ru""; ""hu"")"	"=GOOGLETRANSLATE(C126; ""ru""; ""el"")"	"=GOOGLETRANSLATE(C126; ""ru""; ""sl"")"	"=GOOGLETRANSLATE(C126; ""ru""; ""et"")"	"=GOOGLETRANSLATE(C126; ""ru""; ""lt"")"
Pronunciation	speech_listening	🎤 Слушаю... Говорите	"=GOOGLETRANSLATE(C127; ""ru""; ""uk"")"	"=GOOGLETRANSLATE(C127; ""ru""; ""de"")"	"=GOOGLETRANSLATE(C127; ""ru""; ""es"")"	"=GOOGLETRANSLATE(C127; ""ru""; ""fr"")"	"=GOOGLETRANSLATE(C127; ""ru""; ""pl"")"	"=GOOGLETRANSLATE(C127; ""ru""; ""it"")"	"=GOOGLETRANSLATE(C127; ""ru""; ""tr"")"	"=GOOGLETRANSLATE(C127; ""ru""; ""pt"")"	"=GOOGLETRANSLATE(C127; ""ru""; ""ro"")"	"=GOOGLETRANSLATE(C127; ""ru""; ""bg"")"	"=GOOGLETRANSLATE(C127; ""ru""; ""cs"")"	"=GOOGLETRANSLATE(C127; ""ru""; ""sk"")"	"=GOOGLETRANSLATE(C127; ""ru""; ""hu"")"	"=GOOGLETRANSLATE(C127; ""ru""; ""el"")"	"=GOOGLETRANSLATE(C127; ""ru""; ""sl"")"	"=GOOGLETRANSLATE(C127; ""ru""; ""et"")"	"=GOOGLETRANSLATE(C127; ""ru""; ""lt"")"
Pronunciation	speech_recognized	Распознано:	"=GOOGLETRANSLATE(C128; ""ru""; ""uk"")"	"=GOOGLETRANSLATE(C128; ""ru""; ""de"")"	"=GOOGLETRANSLATE(C128; ""ru""; ""es"")"	"=GOOGLETRANSLATE(C128; ""ru""; ""fr"")"	"=GOOGLETRANSLATE(C128; ""ru""; ""pl"")"	"=GOOGLETRANSLATE(C128; ""ru""; ""it"")"	"=GOOGLETRANSLATE(C128; ""ru""; ""tr"")"	"=GOOGLETRANSLATE(C128; ""ru""; ""pt"")"	"=GOOGLETRANSLATE(C128; ""ru""; ""ro"")"	"=GOOGLETRANSLATE(C128; ""ru""; ""bg"")"	"=GOOGLETRANSLATE(C128; ""ru""; ""cs"")"	"=GOOGLETRANSLATE(C128; ""ru""; ""sk"")"	"=GOOGLETRANSLATE(C128; ""ru""; ""hu"")"	"=GOOGLETRANSLATE(C128; ""ru""; ""el"")"	"=GOOGLETRANSLATE(C128; ""ru""; ""sl"")"	"=GOOGLETRANSLATE(C128; ""ru""; ""et"")"	"=GOOGLETRANSLATE(C128; ""ru""; ""lt"")"
Pronunciation	speech_accuracy	Точность произношения:	"=GOOGLETRANSLATE(C129; ""ru""; ""uk"")"	"=GOOGLETRANSLATE(C129; ""ru""; ""de"")"	"=GOOGLETRANSLATE(C129; ""ru""; ""es"")"	"=GOOGLETRANSLATE(C129; ""ru""; ""fr"")"	"=GOOGLETRANSLATE(C129; ""ru""; ""pl"")"	"=GOOGLETRANSLATE(C129; ""ru""; ""it"")"	"=GOOGLETRANSLATE(C129; ""ru""; ""tr"")"	"=GOOGLETRANSLATE(C129; ""ru""; ""pt"")"	"=GOOGLETRANSLATE(C129; ""ru""; ""ro"")"	"=GOOGLETRANSLATE(C129; ""ru""; ""bg"")"	"=GOOGLETRANSLATE(C129; ""ru""; ""cs"")"	"=GOOGLETRANSLATE(C129; ""ru""; ""sk"")"	"=GOOGLETRANSLATE(C129; ""ru""; ""hu"")"	"=GOOGLETRANSLATE(C129; ""ru""; ""el"")"	"=GOOGLETRANSLATE(C129; ""ru""; ""sl"")"	"=GOOGLETRANSLATE(C129; ""ru""; ""et"")"	"=GOOGLETRANSLATE(C129; ""ru""; ""lt"")"
Pronunciation	speech_success	✅ Отличное произношение!	"=GOOGLETRANSLATE(C130; ""ru""; ""uk"")"	"=GOOGLETRANSLATE(C130; ""ru""; ""de"")"	"=GOOGLETRANSLATE(C130; ""ru""; ""es"")"	"=GOOGLETRANSLATE(C130; ""ru""; ""fr"")"	"=GOOGLETRANSLATE(C130; ""ru""; ""pl"")"	"=GOOGLETRANSLATE(C130; ""ru""; ""it"")"	"=GOOGLETRANSLATE(C130; ""ru""; ""tr"")"	"=GOOGLETRANSLATE(C130; ""ru""; ""pt"")"	"=GOOGLETRANSLATE(C130; ""ru""; ""ro"")"	"=GOOGLETRANSLATE(C130; ""ru""; ""bg"")"	"=GOOGLETRANSLATE(C130; ""ru""; ""cs"")"	"=GOOGLETRANSLATE(C130; ""ru""; ""sk"")"	"=GOOGLETRANSLATE(C130; ""ru""; ""hu"")"	"=GOOGLETRANSLATE(C130; ""ru""; ""el"")"	"=GOOGLETRANSLATE(C130; ""ru""; ""sl"")"	"=GOOGLETRANSLATE(C130; ""ru""; ""et"")"	"=GOOGLETRANSLATE(C130; ""ru""; ""lt"")"
Pronunciation	speech_retry	❌ Попробуйте ещё раз	"=GOOGLETRANSLATE(C131; ""ru""; ""uk"")"	"=GOOGLETRANSLATE(C131; ""ru""; ""de"")"	"=GOOGLETRANSLATE(C131; ""ru""; ""es"")"	"=GOOGLETRANSLATE(C131; ""ru""; ""fr"")"	"=GOOGLETRANSLATE(C131; ""ru""; ""pl"")"	"=GOOGLETRANSLATE(C131; ""ru""; ""it"")"	"=GOOGLETRANSLATE(C131; ""ru""; ""tr"")"	"=GOOGLETRANSLATE(C131; ""ru""; ""pt"")"	"=GOOGLETRANSLATE(C131; ""ru""; ""ro"")"	"=GOOGLETRANSLATE(C131; ""ru""; ""bg"")"	"=GOOGLETRANSLATE(C131; ""ru""; ""cs"")"	"=GOOGLETRANSLATE(C131; ""ru""; ""sk"")"	"=GOOGLETRANSLATE(C131; ""ru""; ""hu"")"	"=GOOGLETRANSLATE(C131; ""ru""; ""el"")"	"=GOOGLETRANSLATE(C131; ""ru""; ""sl"")"	"=GOOGLETRANSLATE(C131; ""ru""; ""et"")"	"=GOOGLETRANSLATE(C131; ""ru""; ""lt"")"
Pronunciation	speech_not_heard	⚠ Голос не распознан. Попробуйте сказать громче.	"=GOOGLETRANSLATE(C132; ""ru""; ""uk"")"	"=GOOGLETRANSLATE(C132; ""ru""; ""de"")"	"=GOOGLETRANSLATE(C132; ""ru""; ""es"")"	"=GOOGLETRANSLATE(C132; ""ru""; ""fr"")"	"=GOOGLETRANSLATE(C132; ""ru""; ""pl"")"	"=GOOGLETRANSLATE(C132; ""ru""; ""it"")"	"=GOOGLETRANSLATE(C132; ""ru""; ""tr"")"	"=GOOGLETRANSLATE(C132; ""ru""; ""pt"")"	"=GOOGLETRANSLATE(C132; ""ru""; ""ro"")"	"=GOOGLETRANSLATE(C132; ""ru""; ""bg"")"	"=GOOGLETRANSLATE(C132; ""ru""; ""cs"")"	"=GOOGLETRANSLATE(C132; ""ru""; ""sk"")"	"=GOOGLETRANSLATE(C132; ""ru""; ""hu"")"	"=GOOGLETRANSLATE(C132; ""ru""; ""el"")"	"=GOOGLETRANSLATE(C132; ""ru""; ""sl"")"	"=GOOGLETRANSLATE(C132; ""ru""; ""et"")"	"=GOOGLETRANSLATE(C132; ""ru""; ""lt"")"
